-- MySQL dump 10.13  Distrib 5.7.20, for macos10.12 (x86_64)
--
-- Host: localhost    Database: test
-- ------------------------------------------------------
-- Server version	5.7.20

/*!40101 SET @OLD_CHARACTER_SET_CLIENT=@@CHARACTER_SET_CLIENT */;
/*!40101 SET @OLD_CHARACTER_SET_RESULTS=@@CHARACTER_SET_RESULTS */;
/*!40101 SET @OLD_COLLATION_CONNECTION=@@COLLATION_CONNECTION */;
/*!40101 SET NAMES utf8 */;
/*!40103 SET @OLD_TIME_ZONE=@@TIME_ZONE */;
/*!40103 SET TIME_ZONE='+00:00' */;
/*!40014 SET @OLD_UNIQUE_CHECKS=@@UNIQUE_CHECKS, UNIQUE_CHECKS=0 */;
/*!40014 SET @OLD_FOREIGN_KEY_CHECKS=@@FOREIGN_KEY_CHECKS, FOREIGN_KEY_CHECKS=0 */;
/*!40101 SET @OLD_SQL_MODE=@@SQL_MODE, SQL_MODE='NO_AUTO_VALUE_ON_ZERO' */;
/*!40111 SET @OLD_SQL_NOTES=@@SQL_NOTES, SQL_NOTES=0 */;


--
-- Table structure for table `examDate`
--

DROP TABLE IF EXISTS `examDate`;
/*!40101 SET @saved_cs_client     = @@character_set_client */;
/*!40101 SET character_set_client = utf8 */;
CREATE TABLE `examDate` (
  `id` varchar(50) NOT NULL,
  `name` varchar(50) DEFAULT NULL,
  `startDate` varchar(50) DEFAULT NULL,
  `finishDate` varchar(50) DEFAULT NULL,
  `examDate` varchar(50) DEFAULT NULL,
  PRIMARY KEY (`id`)
) ENGINE=InnoDB DEFAULT CHARSET=utf8;
/*!40101 SET character_set_client = @saved_cs_client */;

--
-- Dumping data for table `examDate`
--

LOCK TABLES `examDate` WRITE;
/*!40000 ALTER TABLE `examDate` DISABLE KEYS */;
INSERT INTO `examDate` VALUES ('ED10701','10241B','107/01/09','107/02/12','107/02/14'),('ED10702','10242','107/01/30','107/03/05','107/03/07'),('ED10703','10243A','107/03/06','107/04/09','107/04/11'),('ED10704','10243B','107/03/20','107/04/23','107/04/25'),('ED10705','10244A','107/04/10','107/05/14','107/05/16'),('ED10706','10244B','107/04/24','107/05/28','107/05/30'),('ED10707','10245A','107/05/15','107/06/18','107/06/20'),('ED10708','10245B','107/05/29','107/07/02','107/07/04'),('ED10709','10246A','107/06/19','107/07/23','107/07/25'),('ED10710','10246B','107/07/03','107/08/06','107/08/08'),('ED10711','10247A','107/07/24','107/08/27','107/08/29'),('ED10712','10247B','107/08/07','107/09/10','107/09/12'),('ED10713','10248A','107/08/28','107/10/01','107/10/03'),('ED10714','10248B','107/09/11','107/10/15','107/10/17'),('ED10715','10249A','107/10/02','107/11/05','107/11/07'),('ED10716','10249B','107/10/16','107/11/19','107/11/21'),('ED10717','10250A','107/11/06','107/12/10','107/12/12'),('ED10718','10250B','107/11/20','107/12/24','107/12/26'),('ED10719','10251A','107/12/11','108/01/14','108/01/17'),('ED10720','10251B','107/12/25','108/01/28','108/01/31');
/*!40000 ALTER TABLE `examDate` ENABLE KEYS */;
UNLOCK TABLES;

--
-- Table structure for table `score`
--

--
-- Table structure for table `teachers`
--

DROP TABLE IF EXISTS `teachers`;
/*!40101 SET @saved_cs_client     = @@character_set_client */;
/*!40101 SET character_set_client = utf8 */;
CREATE TABLE `teachers` (
  `id` varchar(50) NOT NULL,
  `name` varchar(100) DEFAULT NULL,
  `born` varchar(20) DEFAULT NULL,
  PRIMARY KEY (`id`)
) ENGINE=InnoDB DEFAULT CHARSET=utf8;
/*!40101 SET character_set_client = @saved_cs_client */;

--
-- Dumping data for table `teachers`
--

LOCK TABLES `teachers` WRITE;
/*!40000 ALTER TABLE `teachers` DISABLE KEYS */;
INSERT INTO `teachers` VALUES ('A223851606','徐思綺','1973/10/05'),('W100124542','周國隆','1950/10/30'),('W100158684','黃邦培','1962/06/13'),('W100229257','薛海平','1966/12/06'),('W100356062','何正傑','1983/11/26'),('W100364582','李焯燦','1973/06/21'),('W100371863','薛逸華','1978/04/13');
/*!40000 ALTER TABLE `teachers` ENABLE KEYS */;
UNLOCK TABLES;

--
-- Table structure for table `trainBook`
--

DROP TABLE IF EXISTS `trainBook`;
/*!40101 SET @saved_cs_client     = @@character_set_client */;
/*!40101 SET character_set_client = utf8 */;
CREATE TABLE `trainBook` (
  `id` varchar(50) NOT NULL,
  `trainTimeId` bigint(20) DEFAULT NULL,
  `examDateId` varchar(50) DEFAULT NULL,
  `studentId` varchar(50) DEFAULT NULL,
  `teacherId` varchar(50) DEFAULT NULL,
  `createdAt` bigint(20) DEFAULT NULL,
  `updatedAt` bigint(20) DEFAULT NULL,
  `version` bigint(20) DEFAULT NULL,
  PRIMARY KEY (`id`)
) ENGINE=InnoDB DEFAULT CHARSET=utf8;
/*!40101 SET character_set_client = @saved_cs_client */;

--
-- Dumping data for table `trainBook`
--

LOCK TABLES `trainBook` WRITE;
/*!40000 ALTER TABLE `trainBook` DISABLE KEYS */;
INSERT INTO `trainBook` VALUES ('TB20181',1,'10241B','','A223851606',1517210770378,1517210770378,0),('TB201810',10,'10241B','','A223851606',1517210770378,1517210770378,0),('TB2018100',2,'10245B','','A223851606',1517210770380,1517210770380,0),('TB20181000',6,'10247B','','W100229257',1517210770440,1517210770440,0),('TB20181001',7,'10247B','','W100229257',1517210770441,1517210770441,0),('TB20181002',8,'10247B','','W100229257',1517210770441,1517210770441,0),('TB20181003',9,'10247B','','W100229257',1517210770441,1517210770441,0),('TB20181004',10,'10247B','','W100229257',1517210770441,1517210770441,0),('TB20181005',11,'10247B','','W100229257',1517210770441,1517210770441,0),('TB20181006',12,'10247B','','W100229257',1517210770441,1517210770441,0),('TB20181007',13,'10247B','','W100229257',1517210770441,1517210770441,0),('TB20181008',14,'10247B','','W100229257',1517210770441,1517210770441,0),('TB20181009',1,'10248A','','W100229257',1517210770441,1517210770441,0),('TB2018101',3,'10245B','','A223851606',1517210770380,1517210770380,0),('TB20181010',2,'10248A','','W100229257',1517210770441,1517210770441,0),('TB20181011',3,'10248A','','W100229257',1517210770441,1517210770441,0),('TB20181012',4,'10248A','','W100229257',1517210770441,1517210770441,0),('TB20181013',5,'10248A','','W100229257',1517210770441,1517210770441,0),('TB20181014',6,'10248A','','W100229257',1517210770441,1517210770441,0),('TB20181015',7,'10248A','','W100229257',1517210770441,1517210770441,0),('TB20181016',8,'10248A','','W100229257',1517210770441,1517210770441,0),('TB20181017',9,'10248A','','W100229257',1517210770441,1517210770441,0),('TB20181018',10,'10248A','','W100229257',1517210770441,1517210770441,0),('TB20181019',11,'10248A','','W100229257',1517210770441,1517210770441,0),('TB2018102',4,'10245B','','A223851606',1517210770380,1517210770380,0),('TB20181020',12,'10248A','','W100229257',1517210770441,1517210770441,0),('TB20181021',13,'10248A','','W100229257',1517210770441,1517210770441,0),('TB20181022',14,'10248A','','W100229257',1517210770441,1517210770441,0),('TB20181023',1,'10248B','','W100229257',1517210770441,1517210770441,0),('TB20181024',2,'10248B','','W100229257',1517210770441,1517210770441,0),('TB20181025',3,'10248B','','W100229257',1517210770441,1517210770441,0),('TB20181026',4,'10248B','','W100229257',1517210770441,1517210770441,0),('TB20181027',5,'10248B','','W100229257',1517210770441,1517210770441,0),('TB20181028',6,'10248B','','W100229257',1517210770441,1517210770441,0),('TB20181029',7,'10248B','','W100229257',1517210770441,1517210770441,0),('TB2018103',5,'10245B','','A223851606',1517210770381,1517210770381,0),('TB20181030',8,'10248B','','W100229257',1517210770441,1517210770441,0),('TB20181031',9,'10248B','','W100229257',1517210770441,1517210770441,0),('TB20181032',10,'10248B','','W100229257',1517210770441,1517210770441,0),('TB20181033',11,'10248B','','W100229257',1517210770441,1517210770441,0),('TB20181034',12,'10248B','','W100229257',1517210770441,1517210770441,0),('TB20181035',13,'10248B','','W100229257',1517210770441,1517210770441,0),('TB20181036',14,'10248B','','W100229257',1517210770441,1517210770441,0),('TB20181037',1,'10249A','','W100229257',1517210770441,1517210770441,0),('TB20181038',2,'10249A','','W100229257',1517210770441,1517210770441,0),('TB20181039',3,'10249A','','W100229257',1517210770441,1517210770441,0),('TB2018104',6,'10245B','','A223851606',1517210770381,1517210770381,0),('TB20181040',4,'10249A','','W100229257',1517210770441,1517210770441,0),('TB20181041',5,'10249A','','W100229257',1517210770441,1517210770441,0),('TB20181042',6,'10249A','','W100229257',1517210770441,1517210770441,0),('TB20181043',7,'10249A','','W100229257',1517210770442,1517210770442,0),('TB20181044',8,'10249A','','W100229257',1517210770442,1517210770442,0),('TB20181045',9,'10249A','','W100229257',1517210770442,1517210770442,0),('TB20181046',10,'10249A','','W100229257',1517210770442,1517210770442,0),('TB20181047',11,'10249A','','W100229257',1517210770442,1517210770442,0),('TB20181048',12,'10249A','','W100229257',1517210770442,1517210770442,0),('TB20181049',13,'10249A','','W100229257',1517210770442,1517210770442,0),('TB2018105',7,'10245B','','A223851606',1517210770381,1517210770381,0),('TB20181050',14,'10249A','','W100229257',1517210770442,1517210770442,0),('TB20181051',1,'10249B','','W100229257',1517210770442,1517210770442,0),('TB20181052',2,'10249B','','W100229257',1517210770442,1517210770442,0),('TB20181053',3,'10249B','','W100229257',1517210770442,1517210770442,0),('TB20181054',4,'10249B','','W100229257',1517210770442,1517210770442,0),('TB20181055',5,'10249B','','W100229257',1517210770442,1517210770442,0),('TB20181056',6,'10249B','','W100229257',1517210770442,1517210770442,0),('TB20181057',7,'10249B','','W100229257',1517210770442,1517210770442,0),('TB20181058',8,'10249B','','W100229257',1517210770442,1517210770442,0),('TB20181059',9,'10249B','','W100229257',1517210770442,1517210770442,0),('TB2018106',8,'10245B','','A223851606',1517210770381,1517210770381,0),('TB20181060',10,'10249B','','W100229257',1517210770442,1517210770442,0),('TB20181061',11,'10249B','','W100229257',1517210770442,1517210770442,0),('TB20181062',12,'10249B','','W100229257',1517210770442,1517210770442,0),('TB20181063',13,'10249B','','W100229257',1517210770442,1517210770442,0),('TB20181064',14,'10249B','','W100229257',1517210770442,1517210770442,0),('TB20181065',1,'10250A','','W100229257',1517210770442,1517210770442,0),('TB20181066',2,'10250A','','W100229257',1517210770442,1517210770442,0),('TB20181067',3,'10250A','','W100229257',1517210770442,1517210770442,0),('TB20181068',4,'10250A','','W100229257',1517210770442,1517210770442,0),('TB20181069',5,'10250A','','W100229257',1517210770442,1517210770442,0),('TB2018107',9,'10245B','','A223851606',1517210770381,1517210770381,0),('TB20181070',6,'10250A','','W100229257',1517210770442,1517210770442,0),('TB20181071',7,'10250A','','W100229257',1517210770442,1517210770442,0),('TB20181072',8,'10250A','','W100229257',1517210770442,1517210770442,0),('TB20181073',9,'10250A','','W100229257',1517210770442,1517210770442,0),('TB20181074',10,'10250A','','W100229257',1517210770442,1517210770442,0),('TB20181075',11,'10250A','','W100229257',1517210770442,1517210770442,0),('TB20181076',12,'10250A','','W100229257',1517210770442,1517210770442,0),('TB20181077',13,'10250A','','W100229257',1517210770442,1517210770442,0),('TB20181078',14,'10250A','','W100229257',1517210770442,1517210770442,0),('TB20181079',1,'10250B','','W100229257',1517210770442,1517210770442,0),('TB2018108',10,'10245B','','A223851606',1517210770381,1517210770381,0),('TB20181080',2,'10250B','','W100229257',1517210770442,1517210770442,0),('TB20181081',3,'10250B','','W100229257',1517210770442,1517210770442,0),('TB20181082',4,'10250B','','W100229257',1517210770442,1517210770442,0),('TB20181083',5,'10250B','','W100229257',1517210770442,1517210770442,0),('TB20181084',6,'10250B','','W100229257',1517210770442,1517210770442,0),('TB20181085',7,'10250B','','W100229257',1517210770442,1517210770442,0),('TB20181086',8,'10250B','','W100229257',1517210770442,1517210770442,0),('TB20181087',9,'10250B','','W100229257',1517210770442,1517210770442,0),('TB20181088',10,'10250B','','W100229257',1517210770442,1517210770442,0),('TB20181089',11,'10250B','','W100229257',1517210770442,1517210770442,0),('TB2018109',11,'10245B','','A223851606',1517210770381,1517210770381,0),('TB20181090',12,'10250B','','W100229257',1517210770442,1517210770442,0),('TB20181091',13,'10250B','','W100229257',1517210770442,1517210770442,0),('TB20181092',14,'10250B','','W100229257',1517210770442,1517210770442,0),('TB20181093',1,'10251A','','W100229257',1517210770442,1517210770442,0),('TB20181094',2,'10251A','','W100229257',1517210770442,1517210770442,0),('TB20181095',3,'10251A','','W100229257',1517210770442,1517210770442,0),('TB20181096',4,'10251A','','W100229257',1517210770442,1517210770442,0),('TB20181097',5,'10251A','','W100229257',1517210770442,1517210770442,0),('TB20181098',6,'10251A','','W100229257',1517210770442,1517210770442,0),('TB20181099',7,'10251A','','W100229257',1517210770442,1517210770442,0),('TB201811',11,'10241B','','A223851606',1517210770378,1517210770378,0),('TB2018110',12,'10245B','','A223851606',1517210770381,1517210770381,0),('TB20181100',8,'10251A','','W100229257',1517210770442,1517210770442,0),('TB20181101',9,'10251A','','W100229257',1517210770442,1517210770442,0),('TB20181102',10,'10251A','','W100229257',1517210770442,1517210770442,0),('TB20181103',11,'10251A','','W100229257',1517210770442,1517210770442,0),('TB20181104',12,'10251A','','W100229257',1517210770442,1517210770442,0),('TB20181105',13,'10251A','','W100229257',1517210770442,1517210770442,0),('TB20181106',14,'10251A','','W100229257',1517210770442,1517210770442,0),('TB20181107',1,'10251B','','W100229257',1517210770442,1517210770442,0),('TB20181108',2,'10251B','','W100229257',1517210770442,1517210770442,0),('TB20181109',3,'10251B','','W100229257',1517210770443,1517210770443,0),('TB2018111',13,'10245B','','A223851606',1517210770381,1517210770381,0),('TB20181110',4,'10251B','','W100229257',1517210770443,1517210770443,0),('TB20181111',5,'10251B','','W100229257',1517210770443,1517210770443,0),('TB20181112',6,'10251B','','W100229257',1517210770443,1517210770443,0),('TB20181113',7,'10251B','','W100229257',1517210770443,1517210770443,0),('TB20181114',8,'10251B','','W100229257',1517210770443,1517210770443,0),('TB20181115',9,'10251B','','W100229257',1517210770443,1517210770443,0),('TB20181116',10,'10251B','','W100229257',1517210770443,1517210770443,0),('TB20181117',11,'10251B','','W100229257',1517210770443,1517210770443,0),('TB20181118',12,'10251B','','W100229257',1517210770443,1517210770443,0),('TB20181119',13,'10251B','','W100229257',1517210770443,1517210770443,0),('TB2018112',14,'10245B','','A223851606',1517210770381,1517210770381,0),('TB20181120',14,'10251B','','W100229257',1517210770443,1517210770443,0),('TB20181121',1,'10241B','','W100356062',1517210770443,1517210770443,0),('TB20181122',2,'10241B','','W100356062',1517210770443,1517210770443,0),('TB20181123',3,'10241B','','W100356062',1517210770443,1517210770443,0),('TB20181124',4,'10241B','','W100356062',1517210770443,1517210770443,0),('TB20181125',5,'10241B','','W100356062',1517210770443,1517210770443,0),('TB20181126',6,'10241B','','W100356062',1517210770443,1517210770443,0),('TB20181127',7,'10241B','','W100356062',1517210770443,1517210770443,0),('TB20181128',8,'10241B','','W100356062',1517210770443,1517210770443,0),('TB20181129',9,'10241B','','W100356062',1517210770443,1517210770443,0),('TB2018113',1,'10246A','','A223851606',1517210770381,1517210770381,0),('TB20181130',10,'10241B','','W100356062',1517210770443,1517210770443,0),('TB20181131',11,'10241B','','W100356062',1517210770443,1517210770443,0),('TB20181132',12,'10241B','','W100356062',1517210770443,1517210770443,0),('TB20181133',13,'10241B','','W100356062',1517210770443,1517210770443,0),('TB20181134',14,'10241B','','W100356062',1517210770443,1517210770443,0),('TB20181135',1,'10242','','W100356062',1517210770443,1517210770443,0),('TB20181136',2,'10242','','W100356062',1517210770443,1517210770443,0),('TB20181137',3,'10242','','W100356062',1517210770443,1517210770443,0),('TB20181138',4,'10242','','W100356062',1517210770443,1517210770443,0),('TB20181139',5,'10242','','W100356062',1517210770443,1517210770443,0),('TB2018114',2,'10246A','','A223851606',1517210770381,1517210770381,0),('TB20181140',6,'10242','','W100356062',1517210770443,1517210770443,0),('TB20181141',7,'10242','','W100356062',1517210770443,1517210770443,0),('TB20181142',8,'10242','','W100356062',1517210770443,1517210770443,0),('TB20181143',9,'10242','','W100356062',1517210770443,1517210770443,0),('TB20181144',10,'10242','','W100356062',1517210770443,1517210770443,0),('TB20181145',11,'10242','','W100356062',1517210770443,1517210770443,0),('TB20181146',12,'10242','','W100356062',1517210770443,1517210770443,0),('TB20181147',13,'10242','','W100356062',1517210770443,1517210770443,0),('TB20181148',14,'10242','','W100356062',1517210770443,1517210770443,0),('TB20181149',1,'10243A','','W100356062',1517210770443,1517210770443,0),('TB2018115',3,'10246A','','A223851606',1517210770381,1517210770381,0),('TB20181150',2,'10243A','','W100356062',1517210770443,1517210770443,0),('TB20181151',3,'10243A','','W100356062',1517210770443,1517210770443,0),('TB20181152',4,'10243A','','W100356062',1517210770443,1517210770443,0),('TB20181153',5,'10243A','','W100356062',1517210770443,1517210770443,0),('TB20181154',6,'10243A','','W100356062',1517210770443,1517210770443,0),('TB20181155',7,'10243A','','W100356062',1517210770443,1517210770443,0),('TB20181156',8,'10243A','','W100356062',1517210770443,1517210770443,0),('TB20181157',9,'10243A','','W100356062',1517210770443,1517210770443,0),('TB20181158',10,'10243A','','W100356062',1517210770443,1517210770443,0),('TB20181159',11,'10243A','','W100356062',1517210770443,1517210770443,0),('TB2018116',4,'10246A','','A223851606',1517210770381,1517210770381,0),('TB20181160',12,'10243A','','W100356062',1517210770443,1517210770443,0),('TB20181161',13,'10243A','','W100356062',1517210770443,1517210770443,0),('TB20181162',14,'10243A','','W100356062',1517210770443,1517210770443,0),('TB20181163',1,'10243B','','W100356062',1517210770443,1517210770443,0),('TB20181164',2,'10243B','','W100356062',1517210770443,1517210770443,0),('TB20181165',3,'10243B','','W100356062',1517210770443,1517210770443,0),('TB20181166',4,'10243B','','W100356062',1517210770443,1517210770443,0),('TB20181167',5,'10243B','','W100356062',1517210770443,1517210770443,0),('TB20181168',6,'10243B','','W100356062',1517210770443,1517210770443,0),('TB20181169',7,'10243B','','W100356062',1517210770443,1517210770443,0),('TB2018117',5,'10246A','','A223851606',1517210770381,1517210770381,0),('TB20181170',8,'10243B','','W100356062',1517210770443,1517210770443,0),('TB20181171',9,'10243B','','W100356062',1517210770443,1517210770443,0),('TB20181172',10,'10243B','','W100356062',1517210770443,1517210770443,0),('TB20181173',11,'10243B','','W100356062',1517210770444,1517210770444,0),('TB20181174',12,'10243B','','W100356062',1517210770444,1517210770444,0),('TB20181175',13,'10243B','','W100356062',1517210770444,1517210770444,0),('TB20181176',14,'10243B','','W100356062',1517210770444,1517210770444,0),('TB20181177',1,'10244A','','W100356062',1517210770444,1517210770444,0),('TB20181178',2,'10244A','','W100356062',1517210770444,1517210770444,0),('TB20181179',3,'10244A','','W100356062',1517210770444,1517210770444,0),('TB2018118',6,'10246A','','A223851606',1517210770381,1517210770381,0),('TB20181180',4,'10244A','','W100356062',1517210770444,1517210770444,0),('TB20181181',5,'10244A','','W100356062',1517210770444,1517210770444,0),('TB20181182',6,'10244A','','W100356062',1517210770444,1517210770444,0),('TB20181183',7,'10244A','','W100356062',1517210770444,1517210770444,0),('TB20181184',8,'10244A','','W100356062',1517210770444,1517210770444,0),('TB20181185',9,'10244A','','W100356062',1517210770444,1517210770444,0),('TB20181186',10,'10244A','','W100356062',1517210770444,1517210770444,0),('TB20181187',11,'10244A','','W100356062',1517210770444,1517210770444,0),('TB20181188',12,'10244A','','W100356062',1517210770444,1517210770444,0),('TB20181189',13,'10244A','','W100356062',1517210770444,1517210770444,0),('TB2018119',7,'10246A','','A223851606',1517210770381,1517210770381,0),('TB20181190',14,'10244A','','W100356062',1517210770444,1517210770444,0),('TB20181191',1,'10244B','','W100356062',1517210770444,1517210770444,0),('TB20181192',2,'10244B','','W100356062',1517210770444,1517210770444,0),('TB20181193',3,'10244B','','W100356062',1517210770444,1517210770444,0),('TB20181194',4,'10244B','','W100356062',1517210770444,1517210770444,0),('TB20181195',5,'10244B','','W100356062',1517210770444,1517210770444,0),('TB20181196',6,'10244B','','W100356062',1517210770444,1517210770444,0),('TB20181197',7,'10244B','','W100356062',1517210770444,1517210770444,0),('TB20181198',8,'10244B','','W100356062',1517210770445,1517210770445,0),('TB20181199',9,'10244B','','W100356062',1517210770445,1517210770445,0),('TB201812',12,'10241B','','A223851606',1517210770378,1517210770378,0),('TB2018120',8,'10246A','','A223851606',1517210770381,1517210770381,0),('TB20181200',10,'10244B','','W100356062',1517210770445,1517210770445,0),('TB20181201',11,'10244B','','W100356062',1517210770445,1517210770445,0),('TB20181202',12,'10244B','','W100356062',1517210770445,1517210770445,0),('TB20181203',13,'10244B','','W100356062',1517210770445,1517210770445,0),('TB20181204',14,'10244B','','W100356062',1517210770445,1517210770445,0),('TB20181205',1,'10245A','','W100356062',1517210770445,1517210770445,0),('TB20181206',2,'10245A','','W100356062',1517210770445,1517210770445,0),('TB20181207',3,'10245A','','W100356062',1517210770445,1517210770445,0),('TB20181208',4,'10245A','','W100356062',1517210770445,1517210770445,0),('TB20181209',5,'10245A','','W100356062',1517210770445,1517210770445,0),('TB2018121',9,'10246A','','A223851606',1517210770381,1517210770381,0),('TB20181210',6,'10245A','','W100356062',1517210770445,1517210770445,0),('TB20181211',7,'10245A','','W100356062',1517210770445,1517210770445,0),('TB20181212',8,'10245A','','W100356062',1517210770445,1517210770445,0),('TB20181213',9,'10245A','','W100356062',1517210770445,1517210770445,0),('TB20181214',10,'10245A','','W100356062',1517210770445,1517210770445,0),('TB20181215',11,'10245A','','W100356062',1517210770446,1517210770446,0),('TB20181216',12,'10245A','','W100356062',1517210770446,1517210770446,0),('TB20181217',13,'10245A','','W100356062',1517210770446,1517210770446,0),('TB20181218',14,'10245A','','W100356062',1517210770446,1517210770446,0),('TB20181219',1,'10245B','','W100356062',1517210770446,1517210770446,0),('TB2018122',10,'10246A','','A223851606',1517210770382,1517210770382,0),('TB20181220',2,'10245B','','W100356062',1517210770446,1517210770446,0),('TB20181221',3,'10245B','','W100356062',1517210770446,1517210770446,0),('TB20181222',4,'10245B','','W100356062',1517210770446,1517210770446,0),('TB20181223',5,'10245B','','W100356062',1517210770446,1517210770446,0),('TB20181224',6,'10245B','','W100356062',1517210770446,1517210770446,0),('TB20181225',7,'10245B','','W100356062',1517210770446,1517210770446,0),('TB20181226',8,'10245B','','W100356062',1517210770446,1517210770446,0),('TB20181227',9,'10245B','','W100356062',1517210770446,1517210770446,0),('TB20181228',10,'10245B','','W100356062',1517210770446,1517210770446,0),('TB20181229',11,'10245B','','W100356062',1517210770446,1517210770446,0),('TB2018123',11,'10246A','','A223851606',1517210770382,1517210770382,0),('TB20181230',12,'10245B','','W100356062',1517210770446,1517210770446,0),('TB20181231',13,'10245B','','W100356062',1517210770446,1517210770446,0),('TB20181232',14,'10245B','','W100356062',1517210770446,1517210770446,0),('TB20181233',1,'10246A','','W100356062',1517210770446,1517210770446,0),('TB20181234',2,'10246A','','W100356062',1517210770446,1517210770446,0),('TB20181235',3,'10246A','','W100356062',1517210770446,1517210770446,0),('TB20181236',4,'10246A','','W100356062',1517210770446,1517210770446,0),('TB20181237',5,'10246A','','W100356062',1517210770446,1517210770446,0),('TB20181238',6,'10246A','','W100356062',1517210770446,1517210770446,0),('TB20181239',7,'10246A','','W100356062',1517210770446,1517210770446,0),('TB2018124',12,'10246A','','A223851606',1517210770382,1517210770382,0),('TB20181240',8,'10246A','','W100356062',1517210770446,1517210770446,0),('TB20181241',9,'10246A','','W100356062',1517210770446,1517210770446,0),('TB20181242',10,'10246A','','W100356062',1517210770446,1517210770446,0),('TB20181243',11,'10246A','','W100356062',1517210770447,1517210770447,0),('TB20181244',12,'10246A','','W100356062',1517210770447,1517210770447,0),('TB20181245',13,'10246A','','W100356062',1517210770447,1517210770447,0),('TB20181246',14,'10246A','','W100356062',1517210770447,1517210770447,0),('TB20181247',1,'10246B','','W100356062',1517210770447,1517210770447,0),('TB20181248',2,'10246B','','W100356062',1517210770447,1517210770447,0),('TB20181249',3,'10246B','','W100356062',1517210770447,1517210770447,0),('TB2018125',13,'10246A','','A223851606',1517210770382,1517210770382,0),('TB20181250',4,'10246B','','W100356062',1517210770447,1517210770447,0),('TB20181251',5,'10246B','','W100356062',1517210770447,1517210770447,0),('TB20181252',6,'10246B','','W100356062',1517210770447,1517210770447,0),('TB20181253',7,'10246B','','W100356062',1517210770447,1517210770447,0),('TB20181254',8,'10246B','','W100356062',1517210770447,1517210770447,0),('TB20181255',9,'10246B','','W100356062',1517210770447,1517210770447,0),('TB20181256',10,'10246B','','W100356062',1517210770447,1517210770447,0),('TB20181257',11,'10246B','','W100356062',1517210770447,1517210770447,0),('TB20181258',12,'10246B','','W100356062',1517210770447,1517210770447,0),('TB20181259',13,'10246B','','W100356062',1517210770447,1517210770447,0),('TB2018126',14,'10246A','','A223851606',1517210770382,1517210770382,0),('TB20181260',14,'10246B','','W100356062',1517210770447,1517210770447,0),('TB20181261',1,'10247A','','W100356062',1517210770447,1517210770447,0),('TB20181262',2,'10247A','','W100356062',1517210770447,1517210770447,0),('TB20181263',3,'10247A','','W100356062',1517210770447,1517210770447,0),('TB20181264',4,'10247A','','W100356062',1517210770447,1517210770447,0),('TB20181265',5,'10247A','','W100356062',1517210770447,1517210770447,0),('TB20181266',6,'10247A','','W100356062',1517210770447,1517210770447,0),('TB20181267',7,'10247A','','W100356062',1517210770447,1517210770447,0),('TB20181268',8,'10247A','','W100356062',1517210770447,1517210770447,0),('TB20181269',9,'10247A','','W100356062',1517210770447,1517210770447,0),('TB2018127',1,'10246B','','A223851606',1517210770382,1517210770382,0),('TB20181270',10,'10247A','','W100356062',1517210770447,1517210770447,0),('TB20181271',11,'10247A','','W100356062',1517210770447,1517210770447,0),('TB20181272',12,'10247A','','W100356062',1517210770447,1517210770447,0),('TB20181273',13,'10247A','','W100356062',1517210770448,1517210770448,0),('TB20181274',14,'10247A','','W100356062',1517210770448,1517210770448,0),('TB20181275',1,'10247B','','W100356062',1517210770448,1517210770448,0),('TB20181276',2,'10247B','','W100356062',1517210770448,1517210770448,0),('TB20181277',3,'10247B','','W100356062',1517210770448,1517210770448,0),('TB20181278',4,'10247B','','W100356062',1517210770448,1517210770448,0),('TB20181279',5,'10247B','','W100356062',1517210770448,1517210770448,0),('TB2018128',2,'10246B','','A223851606',1517210770382,1517210770382,0),('TB20181280',6,'10247B','','W100356062',1517210770448,1517210770448,0),('TB20181281',7,'10247B','','W100356062',1517210770448,1517210770448,0),('TB20181282',8,'10247B','','W100356062',1517210770448,1517210770448,0),('TB20181283',9,'10247B','','W100356062',1517210770448,1517210770448,0),('TB20181284',10,'10247B','','W100356062',1517210770448,1517210770448,0),('TB20181285',11,'10247B','','W100356062',1517210770448,1517210770448,0),('TB20181286',12,'10247B','','W100356062',1517210770448,1517210770448,0),('TB20181287',13,'10247B','','W100356062',1517210770448,1517210770448,0),('TB20181288',14,'10247B','','W100356062',1517210770448,1517210770448,0),('TB20181289',1,'10248A','','W100356062',1517210770451,1517210770451,0),('TB2018129',3,'10246B','','A223851606',1517210770382,1517210770382,0),('TB20181290',2,'10248A','','W100356062',1517210770451,1517210770451,0),('TB20181291',3,'10248A','','W100356062',1517210770451,1517210770451,0),('TB20181292',4,'10248A','','W100356062',1517210770451,1517210770451,0),('TB20181293',5,'10248A','','W100356062',1517210770451,1517210770451,0),('TB20181294',6,'10248A','','W100356062',1517210770451,1517210770451,0),('TB20181295',7,'10248A','','W100356062',1517210770451,1517210770451,0),('TB20181296',8,'10248A','','W100356062',1517210770451,1517210770451,0),('TB20181297',9,'10248A','','W100356062',1517210770451,1517210770451,0),('TB20181298',10,'10248A','','W100356062',1517210770451,1517210770451,0),('TB20181299',11,'10248A','','W100356062',1517210770451,1517210770451,0),('TB201813',13,'10241B','','A223851606',1517210770378,1517210770378,0),('TB2018130',4,'10246B','','A223851606',1517210770382,1517210770382,0),('TB20181300',12,'10248A','','W100356062',1517210770451,1517210770451,0),('TB20181301',13,'10248A','','W100356062',1517210770451,1517210770451,0),('TB20181302',14,'10248A','','W100356062',1517210770451,1517210770451,0),('TB20181303',1,'10248B','','W100356062',1517210770451,1517210770451,0),('TB20181304',2,'10248B','','W100356062',1517210770451,1517210770451,0),('TB20181305',3,'10248B','','W100356062',1517210770451,1517210770451,0),('TB20181306',4,'10248B','','W100356062',1517210770451,1517210770451,0),('TB20181307',5,'10248B','','W100356062',1517210770451,1517210770451,0),('TB20181308',6,'10248B','','W100356062',1517210770451,1517210770451,0),('TB20181309',7,'10248B','','W100356062',1517210770451,1517210770451,0),('TB2018131',5,'10246B','','A223851606',1517210770382,1517210770382,0),('TB20181310',8,'10248B','','W100356062',1517210770451,1517210770451,0),('TB20181311',9,'10248B','','W100356062',1517210770451,1517210770451,0),('TB20181312',10,'10248B','','W100356062',1517210770451,1517210770451,0),('TB20181313',11,'10248B','','W100356062',1517210770451,1517210770451,0),('TB20181314',12,'10248B','','W100356062',1517210770451,1517210770451,0),('TB20181315',13,'10248B','','W100356062',1517210770451,1517210770451,0),('TB20181316',14,'10248B','','W100356062',1517210770451,1517210770451,0),('TB20181317',1,'10249A','','W100356062',1517210770451,1517210770451,0),('TB20181318',2,'10249A','','W100356062',1517210770451,1517210770451,0),('TB20181319',3,'10249A','','W100356062',1517210770451,1517210770451,0),('TB2018132',6,'10246B','','A223851606',1517210770382,1517210770382,0),('TB20181320',4,'10249A','','W100356062',1517210770451,1517210770451,0),('TB20181321',5,'10249A','','W100356062',1517210770451,1517210770451,0),('TB20181322',6,'10249A','','W100356062',1517210770451,1517210770451,0),('TB20181323',7,'10249A','','W100356062',1517210770452,1517210770452,0),('TB20181324',8,'10249A','','W100356062',1517210770452,1517210770452,0),('TB20181325',9,'10249A','','W100356062',1517210770452,1517210770452,0),('TB20181326',10,'10249A','','W100356062',1517210770452,1517210770452,0),('TB20181327',11,'10249A','','W100356062',1517210770452,1517210770452,0),('TB20181328',12,'10249A','','W100356062',1517210770452,1517210770452,0),('TB20181329',13,'10249A','','W100356062',1517210770452,1517210770452,0),('TB2018133',7,'10246B','','A223851606',1517210770382,1517210770382,0),('TB20181330',14,'10249A','','W100356062',1517210770452,1517210770452,0),('TB20181331',1,'10249B','','W100356062',1517210770452,1517210770452,0),('TB20181332',2,'10249B','','W100356062',1517210770452,1517210770452,0),('TB20181333',3,'10249B','','W100356062',1517210770452,1517210770452,0),('TB20181334',4,'10249B','','W100356062',1517210770452,1517210770452,0),('TB20181335',5,'10249B','','W100356062',1517210770452,1517210770452,0),('TB20181336',6,'10249B','','W100356062',1517210770452,1517210770452,0),('TB20181337',7,'10249B','','W100356062',1517210770452,1517210770452,0),('TB20181338',8,'10249B','','W100356062',1517210770452,1517210770452,0),('TB20181339',9,'10249B','','W100356062',1517210770452,1517210770452,0),('TB2018134',8,'10246B','','A223851606',1517210770382,1517210770382,0),('TB20181340',10,'10249B','','W100356062',1517210770452,1517210770452,0),('TB20181341',11,'10249B','','W100356062',1517210770452,1517210770452,0),('TB20181342',12,'10249B','','W100356062',1517210770452,1517210770452,0),('TB20181343',13,'10249B','','W100356062',1517210770452,1517210770452,0),('TB20181344',14,'10249B','','W100356062',1517210770452,1517210770452,0),('TB20181345',1,'10250A','','W100356062',1517210770452,1517210770452,0),('TB20181346',2,'10250A','','W100356062',1517210770452,1517210770452,0),('TB20181347',3,'10250A','','W100356062',1517210770452,1517210770452,0),('TB20181348',4,'10250A','','W100356062',1517210770452,1517210770452,0),('TB20181349',5,'10250A','','W100356062',1517210770452,1517210770452,0),('TB2018135',9,'10246B','','A223851606',1517210770382,1517210770382,0),('TB20181350',6,'10250A','','W100356062',1517210770452,1517210770452,0),('TB20181351',7,'10250A','','W100356062',1517210770452,1517210770452,0),('TB20181352',8,'10250A','','W100356062',1517210770452,1517210770452,0),('TB20181353',9,'10250A','','W100356062',1517210770452,1517210770452,0),('TB20181354',10,'10250A','','W100356062',1517210770452,1517210770452,0),('TB20181355',11,'10250A','','W100356062',1517210770452,1517210770452,0),('TB20181356',12,'10250A','','W100356062',1517210770452,1517210770452,0),('TB20181357',13,'10250A','','W100356062',1517210770452,1517210770452,0),('TB20181358',14,'10250A','','W100356062',1517210770452,1517210770452,0),('TB20181359',1,'10250B','','W100356062',1517210770452,1517210770452,0),('TB2018136',10,'10246B','','A223851606',1517210770382,1517210770382,0),('TB20181360',2,'10250B','','W100356062',1517210770452,1517210770452,0),('TB20181361',3,'10250B','','W100356062',1517210770452,1517210770452,0),('TB20181362',4,'10250B','','W100356062',1517210770452,1517210770452,0),('TB20181363',5,'10250B','','W100356062',1517210770452,1517210770452,0),('TB20181364',6,'10250B','','W100356062',1517210770452,1517210770452,0),('TB20181365',7,'10250B','','W100356062',1517210770452,1517210770452,0),('TB20181366',8,'10250B','','W100356062',1517210770452,1517210770452,0),('TB20181367',9,'10250B','','W100356062',1517210770452,1517210770452,0),('TB20181368',10,'10250B','','W100356062',1517210770452,1517210770452,0),('TB20181369',11,'10250B','','W100356062',1517210770452,1517210770452,0),('TB2018137',11,'10246B','','A223851606',1517210770382,1517210770382,0),('TB20181370',12,'10250B','','W100356062',1517210770452,1517210770452,0),('TB20181371',13,'10250B','','W100356062',1517210770452,1517210770452,0),('TB20181372',14,'10250B','','W100356062',1517210770452,1517210770452,0),('TB20181373',1,'10251A','','W100356062',1517210770452,1517210770452,0),('TB20181374',2,'10251A','','W100356062',1517210770452,1517210770452,0),('TB20181375',3,'10251A','','W100356062',1517210770452,1517210770452,0),('TB20181376',4,'10251A','','W100356062',1517210770452,1517210770452,0),('TB20181377',5,'10251A','','W100356062',1517210770452,1517210770452,0),('TB20181378',6,'10251A','','W100356062',1517210770452,1517210770452,0),('TB20181379',7,'10251A','','W100356062',1517210770452,1517210770452,0),('TB2018138',12,'10246B','','A223851606',1517210770382,1517210770382,0),('TB20181380',8,'10251A','','W100356062',1517210770453,1517210770453,0),('TB20181381',9,'10251A','','W100356062',1517210770453,1517210770453,0),('TB20181382',10,'10251A','','W100356062',1517210770453,1517210770453,0),('TB20181383',11,'10251A','','W100356062',1517210770453,1517210770453,0),('TB20181384',12,'10251A','','W100356062',1517210770453,1517210770453,0),('TB20181385',13,'10251A','','W100356062',1517210770453,1517210770453,0),('TB20181386',14,'10251A','','W100356062',1517210770453,1517210770453,0),('TB20181387',1,'10251B','','W100356062',1517210770453,1517210770453,0),('TB20181388',2,'10251B','','W100356062',1517210770453,1517210770453,0),('TB20181389',3,'10251B','','W100356062',1517210770453,1517210770453,0),('TB2018139',13,'10246B','','A223851606',1517210770382,1517210770382,0),('TB20181390',4,'10251B','','W100356062',1517210770453,1517210770453,0),('TB20181391',5,'10251B','','W100356062',1517210770453,1517210770453,0),('TB20181392',6,'10251B','','W100356062',1517210770453,1517210770453,0),('TB20181393',7,'10251B','','W100356062',1517210770453,1517210770453,0),('TB20181394',8,'10251B','','W100356062',1517210770453,1517210770453,0),('TB20181395',9,'10251B','','W100356062',1517210770453,1517210770453,0),('TB20181396',10,'10251B','','W100356062',1517210770453,1517210770453,0),('TB20181397',11,'10251B','','W100356062',1517210770453,1517210770453,0),('TB20181398',12,'10251B','','W100356062',1517210770453,1517210770453,0),('TB20181399',13,'10251B','','W100356062',1517210770453,1517210770453,0),('TB201814',14,'10241B','','A223851606',1517210770378,1517210770378,0),('TB2018140',14,'10246B','','A223851606',1517210770382,1517210770382,0),('TB20181400',14,'10251B','','W100356062',1517210770453,1517210770453,0),('TB20181401',1,'10241B','','W100364582',1517210770453,1517210770453,0),('TB20181402',2,'10241B','','W100364582',1517210770453,1517210770453,0),('TB20181403',3,'10241B','','W100364582',1517210770453,1517210770453,0),('TB20181404',4,'10241B','','W100364582',1517210770453,1517210770453,0),('TB20181405',5,'10241B','','W100364582',1517210770453,1517210770453,0),('TB20181406',6,'10241B','','W100364582',1517210770453,1517210770453,0),('TB20181407',7,'10241B','','W100364582',1517210770453,1517210770453,0),('TB20181408',8,'10241B','','W100364582',1517210770453,1517210770453,0),('TB20181409',9,'10241B','','W100364582',1517210770453,1517210770453,0),('TB2018141',1,'10247A','','A223851606',1517210770382,1517210770382,0),('TB20181410',10,'10241B','','W100364582',1517210770453,1517210770453,0),('TB20181411',11,'10241B','','W100364582',1517210770453,1517210770453,0),('TB20181412',12,'10241B','','W100364582',1517210770460,1517210770460,0),('TB20181413',13,'10241B','','W100364582',1517210770460,1517210770460,0),('TB20181414',14,'10241B','','W100364582',1517210770460,1517210770460,0),('TB20181415',1,'10242','','W100364582',1517210770460,1517210770460,0),('TB20181416',2,'10242','','W100364582',1517210770460,1517210770460,0),('TB20181417',3,'10242','','W100364582',1517210770460,1517210770460,0),('TB20181418',4,'10242','','W100364582',1517210770460,1517210770460,0),('TB20181419',5,'10242','','W100364582',1517210770460,1517210770460,0),('TB2018142',2,'10247A','','A223851606',1517210770382,1517210770382,0),('TB20181420',6,'10242','','W100364582',1517210770460,1517210770460,0),('TB20181421',7,'10242','','W100364582',1517210770460,1517210770460,0),('TB20181422',8,'10242','','W100364582',1517210770460,1517210770460,0),('TB20181423',9,'10242','','W100364582',1517210770460,1517210770460,0),('TB20181424',10,'10242','','W100364582',1517210770460,1517210770460,0),('TB20181425',11,'10242','','W100364582',1517210770460,1517210770460,0),('TB20181426',12,'10242','','W100364582',1517210770460,1517210770460,0),('TB20181427',13,'10242','','W100364582',1517210770460,1517210770460,0),('TB20181428',14,'10242','','W100364582',1517210770460,1517210770460,0),('TB20181429',1,'10243A','','W100364582',1517210770460,1517210770460,0),('TB2018143',3,'10247A','','A223851606',1517210770382,1517210770382,0),('TB20181430',2,'10243A','','W100364582',1517210770461,1517210770461,0),('TB20181431',3,'10243A','','W100364582',1517210770461,1517210770461,0),('TB20181432',4,'10243A','','W100364582',1517210770461,1517210770461,0),('TB20181433',5,'10243A','','W100364582',1517210770461,1517210770461,0),('TB20181434',6,'10243A','','W100364582',1517210770461,1517210770461,0),('TB20181435',7,'10243A','','W100364582',1517210770461,1517210770461,0),('TB20181436',8,'10243A','','W100364582',1517210770461,1517210770461,0),('TB20181437',9,'10243A','','W100364582',1517210770461,1517210770461,0),('TB20181438',10,'10243A','','W100364582',1517210770461,1517210770461,0),('TB20181439',11,'10243A','','W100364582',1517210770461,1517210770461,0),('TB2018144',4,'10247A','','A223851606',1517210770383,1517210770383,0),('TB20181440',12,'10243A','','W100364582',1517210770461,1517210770461,0),('TB20181441',13,'10243A','','W100364582',1517210770461,1517210770461,0),('TB20181442',14,'10243A','','W100364582',1517210770461,1517210770461,0),('TB20181443',1,'10243B','','W100364582',1517210770461,1517210770461,0),('TB20181444',2,'10243B','','W100364582',1517210770461,1517210770461,0),('TB20181445',3,'10243B','','W100364582',1517210770461,1517210770461,0),('TB20181446',4,'10243B','','W100364582',1517210770461,1517210770461,0),('TB20181447',5,'10243B','','W100364582',1517210770461,1517210770461,0),('TB20181448',6,'10243B','','W100364582',1517210770461,1517210770461,0),('TB20181449',7,'10243B','','W100364582',1517210770461,1517210770461,0),('TB2018145',5,'10247A','','A223851606',1517210770383,1517210770383,0),('TB20181450',8,'10243B','','W100364582',1517210770461,1517210770461,0),('TB20181451',9,'10243B','','W100364582',1517210770461,1517210770461,0),('TB20181452',10,'10243B','','W100364582',1517210770461,1517210770461,0),('TB20181453',11,'10243B','','W100364582',1517210770461,1517210770461,0),('TB20181454',12,'10243B','','W100364582',1517210770461,1517210770461,0),('TB20181455',13,'10243B','','W100364582',1517210770461,1517210770461,0),('TB20181456',14,'10243B','','W100364582',1517210770461,1517210770461,0),('TB20181457',1,'10244A','','W100364582',1517210770461,1517210770461,0),('TB20181458',2,'10244A','','W100364582',1517210770461,1517210770461,0),('TB20181459',3,'10244A','','W100364582',1517210770461,1517210770461,0),('TB2018146',6,'10247A','','A223851606',1517210770383,1517210770383,0),('TB20181460',4,'10244A','','W100364582',1517210770461,1517210770461,0),('TB20181461',5,'10244A','','W100364582',1517210770462,1517210770462,0),('TB20181462',6,'10244A','','W100364582',1517210770462,1517210770462,0),('TB20181463',7,'10244A','','W100364582',1517210770462,1517210770462,0),('TB20181464',8,'10244A','','W100364582',1517210770462,1517210770462,0),('TB20181465',9,'10244A','','W100364582',1517210770462,1517210770462,0),('TB20181466',10,'10244A','','W100364582',1517210770462,1517210770462,0),('TB20181467',11,'10244A','','W100364582',1517210770462,1517210770462,0),('TB20181468',12,'10244A','','W100364582',1517210770462,1517210770462,0),('TB20181469',13,'10244A','','W100364582',1517210770462,1517210770462,0),('TB2018147',7,'10247A','','A223851606',1517210770383,1517210770383,0),('TB20181470',14,'10244A','','W100364582',1517210770462,1517210770462,0),('TB20181471',1,'10244B','','W100364582',1517210770462,1517210770462,0),('TB20181472',2,'10244B','','W100364582',1517210770462,1517210770462,0),('TB20181473',3,'10244B','','W100364582',1517210770462,1517210770462,0),('TB20181474',4,'10244B','','W100364582',1517210770462,1517210770462,0),('TB20181475',5,'10244B','','W100364582',1517210770462,1517210770462,0),('TB20181476',6,'10244B','','W100364582',1517210770462,1517210770462,0),('TB20181477',7,'10244B','','W100364582',1517210770462,1517210770462,0),('TB20181478',8,'10244B','','W100364582',1517210770462,1517210770462,0),('TB20181479',9,'10244B','','W100364582',1517210770462,1517210770462,0),('TB2018148',8,'10247A','','A223851606',1517210770383,1517210770383,0),('TB20181480',10,'10244B','','W100364582',1517210770462,1517210770462,0),('TB20181481',11,'10244B','','W100364582',1517210770462,1517210770462,0),('TB20181482',12,'10244B','','W100364582',1517210770462,1517210770462,0),('TB20181483',13,'10244B','','W100364582',1517210770462,1517210770462,0),('TB20181484',14,'10244B','','W100364582',1517210770462,1517210770462,0),('TB20181485',1,'10245A','','W100364582',1517210770463,1517210770463,0),('TB20181486',2,'10245A','','W100364582',1517210770463,1517210770463,0),('TB20181487',3,'10245A','','W100364582',1517210770463,1517210770463,0),('TB20181488',4,'10245A','','W100364582',1517210770463,1517210770463,0),('TB20181489',5,'10245A','','W100364582',1517210770463,1517210770463,0),('TB2018149',9,'10247A','','A223851606',1517210770383,1517210770383,0),('TB20181490',6,'10245A','','W100364582',1517210770463,1517210770463,0),('TB20181491',7,'10245A','','W100364582',1517210770463,1517210770463,0),('TB20181492',8,'10245A','','W100364582',1517210770463,1517210770463,0),('TB20181493',9,'10245A','','W100364582',1517210770463,1517210770463,0),('TB20181494',10,'10245A','','W100364582',1517210770463,1517210770463,0),('TB20181495',11,'10245A','','W100364582',1517210770463,1517210770463,0),('TB20181496',12,'10245A','','W100364582',1517210770463,1517210770463,0),('TB20181497',13,'10245A','','W100364582',1517210770463,1517210770463,0),('TB20181498',14,'10245A','','W100364582',1517210770463,1517210770463,0),('TB20181499',1,'10245B','','W100364582',1517210770463,1517210770463,0),('TB201815',1,'10242','','A223851606',1517210770378,1517210770378,0),('TB2018150',10,'10247A','','A223851606',1517210770383,1517210770383,0),('TB20181500',2,'10245B','','W100364582',1517210770463,1517210770463,0),('TB20181501',3,'10245B','','W100364582',1517210770463,1517210770463,0),('TB20181502',4,'10245B','','W100364582',1517210770463,1517210770463,0),('TB20181503',5,'10245B','','W100364582',1517210770463,1517210770463,0),('TB20181504',6,'10245B','','W100364582',1517210770463,1517210770463,0),('TB20181505',7,'10245B','','W100364582',1517210770463,1517210770463,0),('TB20181506',8,'10245B','','W100364582',1517210770463,1517210770463,0),('TB20181507',9,'10245B','','W100364582',1517210770463,1517210770463,0),('TB20181508',10,'10245B','','W100364582',1517210770463,1517210770463,0),('TB20181509',11,'10245B','','W100364582',1517210770463,1517210770463,0),('TB2018151',11,'10247A','','A223851606',1517210770383,1517210770383,0),('TB20181510',12,'10245B','','W100364582',1517210770463,1517210770463,0),('TB20181511',13,'10245B','','W100364582',1517210770463,1517210770463,0),('TB20181512',14,'10245B','','W100364582',1517210770463,1517210770463,0),('TB20181513',1,'10246A','','W100364582',1517210770463,1517210770463,0),('TB20181514',2,'10246A','','W100364582',1517210770463,1517210770463,0),('TB20181515',3,'10246A','','W100364582',1517210770463,1517210770463,0),('TB20181516',4,'10246A','','W100364582',1517210770463,1517210770463,0),('TB20181517',5,'10246A','','W100364582',1517210770464,1517210770464,0),('TB20181518',6,'10246A','','W100364582',1517210770464,1517210770464,0),('TB20181519',7,'10246A','','W100364582',1517210770464,1517210770464,0),('TB2018152',12,'10247A','','A223851606',1517210770383,1517210770383,0),('TB20181520',8,'10246A','','W100364582',1517210770464,1517210770464,0),('TB20181521',9,'10246A','','W100364582',1517210770464,1517210770464,0),('TB20181522',10,'10246A','','W100364582',1517210770464,1517210770464,0),('TB20181523',11,'10246A','','W100364582',1517210770464,1517210770464,0),('TB20181524',12,'10246A','','W100364582',1517210770464,1517210770464,0),('TB20181525',13,'10246A','','W100364582',1517210770464,1517210770464,0),('TB20181526',14,'10246A','','W100364582',1517210770464,1517210770464,0),('TB20181527',1,'10246B','','W100364582',1517210770464,1517210770464,0),('TB20181528',2,'10246B','','W100364582',1517210770464,1517210770464,0),('TB20181529',3,'10246B','','W100364582',1517210770464,1517210770464,0),('TB2018153',13,'10247A','','A223851606',1517210770383,1517210770383,0),('TB20181530',4,'10246B','','W100364582',1517210770464,1517210770464,0),('TB20181531',5,'10246B','','W100364582',1517210770464,1517210770464,0),('TB20181532',6,'10246B','','W100364582',1517210770464,1517210770464,0),('TB20181533',7,'10246B','','W100364582',1517210770464,1517210770464,0),('TB20181534',8,'10246B','','W100364582',1517210770464,1517210770464,0),('TB20181535',9,'10246B','','W100364582',1517210770464,1517210770464,0),('TB20181536',10,'10246B','','W100364582',1517210770464,1517210770464,0),('TB20181537',11,'10246B','','W100364582',1517210770464,1517210770464,0),('TB20181538',12,'10246B','','W100364582',1517210770464,1517210770464,0),('TB20181539',13,'10246B','','W100364582',1517210770465,1517210770465,0),('TB2018154',14,'10247A','','A223851606',1517210770383,1517210770383,0),('TB20181540',14,'10246B','','W100364582',1517210770465,1517210770465,0),('TB20181541',1,'10247A','','W100364582',1517210770466,1517210770466,0),('TB20181542',2,'10247A','','W100364582',1517210770466,1517210770466,0),('TB20181543',3,'10247A','','W100364582',1517210770466,1517210770466,0),('TB20181544',4,'10247A','','W100364582',1517210770466,1517210770466,0),('TB20181545',5,'10247A','','W100364582',1517210770466,1517210770466,0),('TB20181546',6,'10247A','','W100364582',1517210770466,1517210770466,0),('TB20181547',7,'10247A','','W100364582',1517210770466,1517210770466,0),('TB20181548',8,'10247A','','W100364582',1517210770466,1517210770466,0),('TB20181549',9,'10247A','','W100364582',1517210770466,1517210770466,0),('TB2018155',1,'10247B','','A223851606',1517210770383,1517210770383,0),('TB20181550',10,'10247A','','W100364582',1517210770466,1517210770466,0),('TB20181551',11,'10247A','','W100364582',1517210770466,1517210770466,0),('TB20181552',12,'10247A','','W100364582',1517210770466,1517210770466,0),('TB20181553',13,'10247A','','W100364582',1517210770466,1517210770466,0),('TB20181554',14,'10247A','','W100364582',1517210770466,1517210770466,0),('TB20181555',1,'10247B','','W100364582',1517210770466,1517210770466,0),('TB20181556',2,'10247B','','W100364582',1517210770466,1517210770466,0),('TB20181557',3,'10247B','','W100364582',1517210770466,1517210770466,0),('TB20181558',4,'10247B','','W100364582',1517210770467,1517210770467,0),('TB20181559',5,'10247B','','W100364582',1517210770467,1517210770467,0),('TB2018156',2,'10247B','','A223851606',1517210770383,1517210770383,0),('TB20181560',6,'10247B','','W100364582',1517210770467,1517210770467,0),('TB20181561',7,'10247B','','W100364582',1517210770467,1517210770467,0),('TB20181562',8,'10247B','','W100364582',1517210770467,1517210770467,0),('TB20181563',9,'10247B','','W100364582',1517210770467,1517210770467,0),('TB20181564',10,'10247B','','W100364582',1517210770467,1517210770467,0),('TB20181565',11,'10247B','','W100364582',1517210770467,1517210770467,0),('TB20181566',12,'10247B','','W100364582',1517210770467,1517210770467,0),('TB20181567',13,'10247B','','W100364582',1517210770467,1517210770467,0),('TB20181568',14,'10247B','','W100364582',1517210770467,1517210770467,0),('TB20181569',1,'10248A','','W100364582',1517210770467,1517210770467,0),('TB2018157',3,'10247B','','A223851606',1517210770383,1517210770383,0),('TB20181570',2,'10248A','','W100364582',1517210770467,1517210770467,0),('TB20181571',3,'10248A','','W100364582',1517210770468,1517210770468,0),('TB20181572',4,'10248A','','W100364582',1517210770468,1517210770468,0),('TB20181573',5,'10248A','','W100364582',1517210770468,1517210770468,0),('TB20181574',6,'10248A','','W100364582',1517210770468,1517210770468,0),('TB20181575',7,'10248A','','W100364582',1517210770468,1517210770468,0),('TB20181576',8,'10248A','','W100364582',1517210770468,1517210770468,0),('TB20181577',9,'10248A','','W100364582',1517210770468,1517210770468,0),('TB20181578',10,'10248A','','W100364582',1517210770468,1517210770468,0),('TB20181579',11,'10248A','','W100364582',1517210770468,1517210770468,0),('TB2018158',4,'10247B','','A223851606',1517210770383,1517210770383,0),('TB20181580',12,'10248A','','W100364582',1517210770468,1517210770468,0),('TB20181581',13,'10248A','','W100364582',1517210770468,1517210770468,0),('TB20181582',14,'10248A','','W100364582',1517210770468,1517210770468,0),('TB20181583',1,'10248B','','W100364582',1517210770468,1517210770468,0),('TB20181584',2,'10248B','','W100364582',1517210770468,1517210770468,0),('TB20181585',3,'10248B','','W100364582',1517210770468,1517210770468,0),('TB20181586',4,'10248B','','W100364582',1517210770468,1517210770468,0),('TB20181587',5,'10248B','','W100364582',1517210770468,1517210770468,0),('TB20181588',6,'10248B','','W100364582',1517210770468,1517210770468,0),('TB20181589',7,'10248B','','W100364582',1517210770468,1517210770468,0),('TB2018159',5,'10247B','','A223851606',1517210770383,1517210770383,0),('TB20181590',8,'10248B','','W100364582',1517210770468,1517210770468,0),('TB20181591',9,'10248B','','W100364582',1517210770468,1517210770468,0),('TB20181592',10,'10248B','','W100364582',1517210770468,1517210770468,0),('TB20181593',11,'10248B','','W100364582',1517210770469,1517210770469,0),('TB20181594',12,'10248B','','W100364582',1517210770469,1517210770469,0),('TB20181595',13,'10248B','','W100364582',1517210770469,1517210770469,0),('TB20181596',14,'10248B','','W100364582',1517210770469,1517210770469,0),('TB20181597',1,'10249A','','W100364582',1517210770469,1517210770469,0),('TB20181598',2,'10249A','','W100364582',1517210770469,1517210770469,0),('TB20181599',3,'10249A','','W100364582',1517210770469,1517210770469,0),('TB201816',2,'10242','','A223851606',1517210770378,1517210770378,0),('TB2018160',6,'10247B','','A223851606',1517210770383,1517210770383,0),('TB20181600',4,'10249A','','W100364582',1517210770469,1517210770469,0),('TB20181601',5,'10249A','','W100364582',1517210770469,1517210770469,0),('TB20181602',6,'10249A','','W100364582',1517210770469,1517210770469,0),('TB20181603',7,'10249A','','W100364582',1517210770469,1517210770469,0),('TB20181604',8,'10249A','','W100364582',1517210770469,1517210770469,0),('TB20181605',9,'10249A','','W100364582',1517210770469,1517210770469,0),('TB20181606',10,'10249A','','W100364582',1517210770469,1517210770469,0),('TB20181607',11,'10249A','','W100364582',1517210770469,1517210770469,0),('TB20181608',12,'10249A','','W100364582',1517210770470,1517210770470,0),('TB20181609',13,'10249A','','W100364582',1517210770470,1517210770470,0),('TB2018161',7,'10247B','','A223851606',1517210770383,1517210770383,0),('TB20181610',14,'10249A','','W100364582',1517210770470,1517210770470,0),('TB20181611',1,'10249B','','W100364582',1517210770470,1517210770470,0),('TB20181612',2,'10249B','','W100364582',1517210770470,1517210770470,0),('TB20181613',3,'10249B','','W100364582',1517210770470,1517210770470,0),('TB20181614',4,'10249B','','W100364582',1517210770470,1517210770470,0),('TB20181615',5,'10249B','','W100364582',1517210770470,1517210770470,0),('TB20181616',6,'10249B','','W100364582',1517210770471,1517210770471,0),('TB20181617',7,'10249B','','W100364582',1517210770471,1517210770471,0),('TB20181618',8,'10249B','','W100364582',1517210770471,1517210770471,0),('TB20181619',9,'10249B','','W100364582',1517210770471,1517210770471,0),('TB2018162',8,'10247B','','A223851606',1517210770383,1517210770383,0),('TB20181620',10,'10249B','','W100364582',1517210770471,1517210770471,0),('TB20181621',11,'10249B','','W100364582',1517210770471,1517210770471,0),('TB20181622',12,'10249B','','W100364582',1517210770471,1517210770471,0),('TB20181623',13,'10249B','','W100364582',1517210770471,1517210770471,0),('TB20181624',14,'10249B','','W100364582',1517210770471,1517210770471,0),('TB20181625',1,'10250A','','W100364582',1517210770471,1517210770471,0),('TB20181626',2,'10250A','','W100364582',1517210770471,1517210770471,0),('TB20181627',3,'10250A','','W100364582',1517210770471,1517210770471,0),('TB20181628',4,'10250A','','W100364582',1517210770471,1517210770471,0),('TB20181629',5,'10250A','','W100364582',1517210770471,1517210770471,0),('TB2018163',9,'10247B','','A223851606',1517210770383,1517210770383,0),('TB20181630',6,'10250A','','W100364582',1517210770471,1517210770471,0),('TB20181631',7,'10250A','','W100364582',1517210770471,1517210770471,0),('TB20181632',8,'10250A','','W100364582',1517210770471,1517210770471,0),('TB20181633',9,'10250A','','W100364582',1517210770471,1517210770471,0),('TB20181634',10,'10250A','','W100364582',1517210770471,1517210770471,0),('TB20181635',11,'10250A','','W100364582',1517210770471,1517210770471,0),('TB20181636',12,'10250A','','W100364582',1517210770471,1517210770471,0),('TB20181637',13,'10250A','','W100364582',1517210770471,1517210770471,0),('TB20181638',14,'10250A','','W100364582',1517210770471,1517210770471,0),('TB20181639',1,'10250B','','W100364582',1517210770471,1517210770471,0),('TB2018164',10,'10247B','','A223851606',1517210770384,1517210770384,0),('TB20181640',2,'10250B','','W100364582',1517210770471,1517210770471,0),('TB20181641',3,'10250B','','W100364582',1517210770471,1517210770471,0),('TB20181642',4,'10250B','','W100364582',1517210770471,1517210770471,0),('TB20181643',5,'10250B','','W100364582',1517210770471,1517210770471,0),('TB20181644',6,'10250B','','W100364582',1517210770471,1517210770471,0),('TB20181645',7,'10250B','','W100364582',1517210770472,1517210770472,0),('TB20181646',8,'10250B','','W100364582',1517210770472,1517210770472,0),('TB20181647',9,'10250B','','W100364582',1517210770472,1517210770472,0),('TB20181648',10,'10250B','','W100364582',1517210770472,1517210770472,0),('TB20181649',11,'10250B','','W100364582',1517210770472,1517210770472,0),('TB2018165',11,'10247B','','A223851606',1517210770384,1517210770384,0),('TB20181650',12,'10250B','','W100364582',1517210770472,1517210770472,0),('TB20181651',13,'10250B','','W100364582',1517210770472,1517210770472,0),('TB20181652',14,'10250B','','W100364582',1517210770472,1517210770472,0),('TB20181653',1,'10251A','','W100364582',1517210770472,1517210770472,0),('TB20181654',2,'10251A','','W100364582',1517210770472,1517210770472,0),('TB20181655',3,'10251A','','W100364582',1517210770472,1517210770472,0),('TB20181656',4,'10251A','','W100364582',1517210770472,1517210770472,0),('TB20181657',5,'10251A','','W100364582',1517210770472,1517210770472,0),('TB20181658',6,'10251A','','W100364582',1517210770472,1517210770472,0),('TB20181659',7,'10251A','','W100364582',1517210770472,1517210770472,0),('TB2018166',12,'10247B','','A223851606',1517210770384,1517210770384,0),('TB20181660',8,'10251A','','W100364582',1517210770473,1517210770473,0),('TB20181661',9,'10251A','','W100364582',1517210770473,1517210770473,0),('TB20181662',10,'10251A','','W100364582',1517210770473,1517210770473,0),('TB20181663',11,'10251A','','W100364582',1517210770473,1517210770473,0),('TB20181664',12,'10251A','','W100364582',1517210770473,1517210770473,0),('TB20181665',13,'10251A','','W100364582',1517210770473,1517210770473,0),('TB20181666',14,'10251A','','W100364582',1517210770473,1517210770473,0),('TB20181667',1,'10251B','','W100364582',1517210770473,1517210770473,0),('TB20181668',2,'10251B','','W100364582',1517210770473,1517210770473,0),('TB20181669',3,'10251B','','W100364582',1517210770474,1517210770474,0),('TB2018167',13,'10247B','','A223851606',1517210770384,1517210770384,0),('TB20181670',4,'10251B','','W100364582',1517210770474,1517210770474,0),('TB20181671',5,'10251B','','W100364582',1517210770474,1517210770474,0),('TB20181672',6,'10251B','','W100364582',1517210770474,1517210770474,0),('TB20181673',7,'10251B','','W100364582',1517210770474,1517210770474,0),('TB20181674',8,'10251B','','W100364582',1517210770474,1517210770474,0),('TB20181675',9,'10251B','','W100364582',1517210770474,1517210770474,0),('TB20181676',10,'10251B','','W100364582',1517210770475,1517210770475,0),('TB20181677',11,'10251B','','W100364582',1517210770475,1517210770475,0),('TB20181678',12,'10251B','','W100364582',1517210770475,1517210770475,0),('TB20181679',13,'10251B','','W100364582',1517210770475,1517210770475,0),('TB2018168',14,'10247B','','A223851606',1517210770384,1517210770384,0),('TB20181680',14,'10251B','','W100364582',1517210770475,1517210770475,0),('TB20181681',1,'10241B','','W100371863',1517210770475,1517210770475,0),('TB20181682',2,'10241B','','W100371863',1517210770475,1517210770475,0),('TB20181683',3,'10241B','','W100371863',1517210770475,1517210770475,0),('TB20181684',4,'10241B','','W100371863',1517210770475,1517210770475,0),('TB20181685',5,'10241B','','W100371863',1517210770475,1517210770475,0),('TB20181686',6,'10241B','','W100371863',1517210770475,1517210770475,0),('TB20181687',7,'10241B','','W100371863',1517210770475,1517210770475,0),('TB20181688',8,'10241B','','W100371863',1517210770475,1517210770475,0),('TB20181689',9,'10241B','','W100371863',1517210770475,1517210770475,0),('TB2018169',1,'10248A','','A223851606',1517210770384,1517210770384,0),('TB20181690',10,'10241B','','W100371863',1517210770475,1517210770475,0),('TB20181691',11,'10241B','','W100371863',1517210770476,1517210770476,0),('TB20181692',12,'10241B','','W100371863',1517210770476,1517210770476,0),('TB20181693',13,'10241B','','W100371863',1517210770476,1517210770476,0),('TB20181694',14,'10241B','','W100371863',1517210770476,1517210770476,0),('TB20181695',1,'10242','','W100371863',1517210770476,1517210770476,0),('TB20181696',2,'10242','','W100371863',1517210770476,1517210770476,0),('TB20181697',3,'10242','','W100371863',1517210770476,1517210770476,0),('TB20181698',4,'10242','','W100371863',1517210770476,1517210770476,0),('TB20181699',5,'10242','','W100371863',1517210770476,1517210770476,0),('TB201817',3,'10242','','A223851606',1517210770378,1517210770378,0),('TB2018170',2,'10248A','','A223851606',1517210770384,1517210770384,0),('TB20181700',6,'10242','','W100371863',1517210770476,1517210770476,0),('TB20181701',7,'10242','','W100371863',1517210770476,1517210770476,0),('TB20181702',8,'10242','','W100371863',1517210770476,1517210770476,0),('TB20181703',9,'10242','','W100371863',1517210770476,1517210770476,0),('TB20181704',10,'10242','','W100371863',1517210770476,1517210770476,0),('TB20181705',11,'10242','','W100371863',1517210770476,1517210770476,0),('TB20181706',12,'10242','','W100371863',1517210770476,1517210770476,0),('TB20181707',13,'10242','','W100371863',1517210770476,1517210770476,0),('TB20181708',14,'10242','','W100371863',1517210770476,1517210770476,0),('TB20181709',1,'10243A','','W100371863',1517210770476,1517210770476,0),('TB2018171',3,'10248A','','A223851606',1517210770384,1517210770384,0),('TB20181710',2,'10243A','','W100371863',1517210770476,1517210770476,0),('TB20181711',3,'10243A','','W100371863',1517210770476,1517210770476,0),('TB20181712',4,'10243A','','W100371863',1517210770476,1517210770476,0),('TB20181713',5,'10243A','','W100371863',1517210770476,1517210770476,0),('TB20181714',6,'10243A','','W100371863',1517210770476,1517210770476,0),('TB20181715',7,'10243A','','W100371863',1517210770476,1517210770476,0),('TB20181716',8,'10243A','','W100371863',1517210770476,1517210770476,0),('TB20181717',9,'10243A','','W100371863',1517210770476,1517210770476,0),('TB20181718',10,'10243A','','W100371863',1517210770476,1517210770476,0),('TB20181719',11,'10243A','','W100371863',1517210770476,1517210770476,0),('TB2018172',4,'10248A','','A223851606',1517210770384,1517210770384,0),('TB20181720',12,'10243A','','W100371863',1517210770476,1517210770476,0),('TB20181721',13,'10243A','','W100371863',1517210770476,1517210770476,0),('TB20181722',14,'10243A','','W100371863',1517210770476,1517210770476,0),('TB20181723',1,'10243B','','W100371863',1517210770476,1517210770476,0),('TB20181724',2,'10243B','','W100371863',1517210770476,1517210770476,0),('TB20181725',3,'10243B','','W100371863',1517210770476,1517210770476,0),('TB20181726',4,'10243B','','W100371863',1517210770476,1517210770476,0),('TB20181727',5,'10243B','','W100371863',1517210770476,1517210770476,0),('TB20181728',6,'10243B','','W100371863',1517210770477,1517210770477,0),('TB20181729',7,'10243B','','W100371863',1517210770477,1517210770477,0),('TB2018173',5,'10248A','','A223851606',1517210770384,1517210770384,0),('TB20181730',8,'10243B','','W100371863',1517210770477,1517210770477,0),('TB20181731',9,'10243B','','W100371863',1517210770477,1517210770477,0),('TB20181732',10,'10243B','','W100371863',1517210770477,1517210770477,0),('TB20181733',11,'10243B','','W100371863',1517210770477,1517210770477,0),('TB20181734',12,'10243B','','W100371863',1517210770477,1517210770477,0),('TB20181735',13,'10243B','','W100371863',1517210770477,1517210770477,0),('TB20181736',14,'10243B','','W100371863',1517210770477,1517210770477,0),('TB20181737',1,'10244A','','W100371863',1517210770477,1517210770477,0),('TB20181738',2,'10244A','','W100371863',1517210770477,1517210770477,0),('TB20181739',3,'10244A','','W100371863',1517210770477,1517210770477,0),('TB2018174',6,'10248A','','A223851606',1517210770384,1517210770384,0),('TB20181740',4,'10244A','','W100371863',1517210770477,1517210770477,0),('TB20181741',5,'10244A','','W100371863',1517210770477,1517210770477,0),('TB20181742',6,'10244A','','W100371863',1517210770477,1517210770477,0),('TB20181743',7,'10244A','','W100371863',1517210770477,1517210770477,0),('TB20181744',8,'10244A','','W100371863',1517210770477,1517210770477,0),('TB20181745',9,'10244A','','W100371863',1517210770477,1517210770477,0),('TB20181746',10,'10244A','','W100371863',1517210770477,1517210770477,0),('TB20181747',11,'10244A','','W100371863',1517210770477,1517210770477,0),('TB20181748',12,'10244A','','W100371863',1517210770477,1517210770477,0),('TB20181749',13,'10244A','','W100371863',1517210770477,1517210770477,0),('TB2018175',7,'10248A','','A223851606',1517210770384,1517210770384,0),('TB20181750',14,'10244A','','W100371863',1517210770477,1517210770477,0),('TB20181751',1,'10244B','','W100371863',1517210770477,1517210770477,0),('TB20181752',2,'10244B','','W100371863',1517210770477,1517210770477,0),('TB20181753',3,'10244B','','W100371863',1517210770477,1517210770477,0),('TB20181754',4,'10244B','','W100371863',1517210770477,1517210770477,0),('TB20181755',5,'10244B','','W100371863',1517210770477,1517210770477,0),('TB20181756',6,'10244B','','W100371863',1517210770477,1517210770477,0),('TB20181757',7,'10244B','','W100371863',1517210770477,1517210770477,0),('TB20181758',8,'10244B','','W100371863',1517210770477,1517210770477,0),('TB20181759',9,'10244B','','W100371863',1517210770477,1517210770477,0),('TB2018176',8,'10248A','','A223851606',1517210770384,1517210770384,0),('TB20181760',10,'10244B','','W100371863',1517210770477,1517210770477,0),('TB20181761',11,'10244B','','W100371863',1517210770477,1517210770477,0),('TB20181762',12,'10244B','','W100371863',1517210770477,1517210770477,0),('TB20181763',13,'10244B','','W100371863',1517210770477,1517210770477,0),('TB20181764',14,'10244B','','W100371863',1517210770477,1517210770477,0),('TB20181765',1,'10245A','','W100371863',1517210770477,1517210770477,0),('TB20181766',2,'10245A','','W100371863',1517210770477,1517210770477,0),('TB20181767',3,'10245A','','W100371863',1517210770477,1517210770477,0),('TB20181768',4,'10245A','','W100371863',1517210770477,1517210770477,0),('TB20181769',5,'10245A','','W100371863',1517210770477,1517210770477,0),('TB2018177',9,'10248A','','A223851606',1517210770384,1517210770384,0),('TB20181770',6,'10245A','','W100371863',1517210770477,1517210770477,0),('TB20181771',7,'10245A','','W100371863',1517210770477,1517210770477,0),('TB20181772',8,'10245A','','W100371863',1517210770477,1517210770477,0),('TB20181773',9,'10245A','','W100371863',1517210770477,1517210770477,0),('TB20181774',10,'10245A','','W100371863',1517210770477,1517210770477,0),('TB20181775',11,'10245A','','W100371863',1517210770477,1517210770477,0),('TB20181776',12,'10245A','','W100371863',1517210770477,1517210770477,0),('TB20181777',13,'10245A','','W100371863',1517210770477,1517210770477,0),('TB20181778',14,'10245A','','W100371863',1517210770477,1517210770477,0),('TB20181779',1,'10245B','','W100371863',1517210770477,1517210770477,0),('TB2018178',10,'10248A','','A223851606',1517210770384,1517210770384,0),('TB20181780',2,'10245B','','W100371863',1517210770477,1517210770477,0),('TB20181781',3,'10245B','','W100371863',1517210770477,1517210770477,0),('TB20181782',4,'10245B','','W100371863',1517210770477,1517210770477,0),('TB20181783',5,'10245B','','W100371863',1517210770477,1517210770477,0),('TB20181784',6,'10245B','','W100371863',1517210770477,1517210770477,0),('TB20181785',7,'10245B','','W100371863',1517210770477,1517210770477,0),('TB20181786',8,'10245B','','W100371863',1517210770477,1517210770477,0),('TB20181787',9,'10245B','','W100371863',1517210770477,1517210770477,0),('TB20181788',10,'10245B','','W100371863',1517210770477,1517210770477,0),('TB20181789',11,'10245B','','W100371863',1517210770477,1517210770477,0),('TB2018179',11,'10248A','','A223851606',1517210770384,1517210770384,0),('TB20181790',12,'10245B','','W100371863',1517210770477,1517210770477,0),('TB20181791',13,'10245B','','W100371863',1517210770477,1517210770477,0),('TB20181792',14,'10245B','','W100371863',1517210770477,1517210770477,0),('TB20181793',1,'10246A','','W100371863',1517210770477,1517210770477,0),('TB20181794',2,'10246A','','W100371863',1517210770477,1517210770477,0),('TB20181795',3,'10246A','','W100371863',1517210770477,1517210770477,0),('TB20181796',4,'10246A','','W100371863',1517210770477,1517210770477,0),('TB20181797',5,'10246A','','W100371863',1517210770477,1517210770477,0),('TB20181798',6,'10246A','','W100371863',1517210770477,1517210770477,0),('TB20181799',7,'10246A','','W100371863',1517210770477,1517210770477,0),('TB201818',4,'10242','','A223851606',1517210770378,1517210770378,0),('TB2018180',12,'10248A','','A223851606',1517210770384,1517210770384,0),('TB20181800',8,'10246A','','W100371863',1517210770478,1517210770478,0),('TB20181801',9,'10246A','','W100371863',1517210770478,1517210770478,0),('TB20181802',10,'10246A','','W100371863',1517210770478,1517210770478,0),('TB20181803',11,'10246A','','W100371863',1517210770478,1517210770478,0),('TB20181804',12,'10246A','','W100371863',1517210770478,1517210770478,0),('TB20181805',13,'10246A','','W100371863',1517210770478,1517210770478,0),('TB20181806',14,'10246A','','W100371863',1517210770478,1517210770478,0),('TB20181807',1,'10246B','','W100371863',1517210770478,1517210770478,0),('TB20181808',2,'10246B','','W100371863',1517210770478,1517210770478,0),('TB20181809',3,'10246B','','W100371863',1517210770478,1517210770478,0),('TB2018181',13,'10248A','','A223851606',1517210770384,1517210770384,0),('TB20181810',4,'10246B','','W100371863',1517210770478,1517210770478,0),('TB20181811',5,'10246B','','W100371863',1517210770478,1517210770478,0),('TB20181812',6,'10246B','','W100371863',1517210770478,1517210770478,0),('TB20181813',7,'10246B','','W100371863',1517210770478,1517210770478,0),('TB20181814',8,'10246B','','W100371863',1517210770478,1517210770478,0),('TB20181815',9,'10246B','','W100371863',1517210770478,1517210770478,0),('TB20181816',10,'10246B','','W100371863',1517210770478,1517210770478,0),('TB20181817',11,'10246B','','W100371863',1517210770478,1517210770478,0),('TB20181818',12,'10246B','','W100371863',1517210770478,1517210770478,0),('TB20181819',13,'10246B','','W100371863',1517210770478,1517210770478,0),('TB2018182',14,'10248A','','A223851606',1517210770384,1517210770384,0),('TB20181820',14,'10246B','','W100371863',1517210770478,1517210770478,0),('TB20181821',1,'10247A','','W100371863',1517210770478,1517210770478,0),('TB20181822',2,'10247A','','W100371863',1517210770478,1517210770478,0),('TB20181823',3,'10247A','','W100371863',1517210770478,1517210770478,0),('TB20181824',4,'10247A','','W100371863',1517210770478,1517210770478,0),('TB20181825',5,'10247A','','W100371863',1517210770478,1517210770478,0),('TB20181826',6,'10247A','','W100371863',1517210770478,1517210770478,0),('TB20181827',7,'10247A','','W100371863',1517210770478,1517210770478,0),('TB20181828',8,'10247A','','W100371863',1517210770478,1517210770478,0),('TB20181829',9,'10247A','','W100371863',1517210770478,1517210770478,0),('TB2018183',1,'10248B','','A223851606',1517210770384,1517210770384,0),('TB20181830',10,'10247A','','W100371863',1517210770478,1517210770478,0),('TB20181831',11,'10247A','','W100371863',1517210770478,1517210770478,0),('TB20181832',12,'10247A','','W100371863',1517210770478,1517210770478,0),('TB20181833',13,'10247A','','W100371863',1517210770478,1517210770478,0),('TB20181834',14,'10247A','','W100371863',1517210770478,1517210770478,0),('TB20181835',1,'10247B','','W100371863',1517210770478,1517210770478,0),('TB20181836',2,'10247B','','W100371863',1517210770478,1517210770478,0),('TB20181837',3,'10247B','','W100371863',1517210770478,1517210770478,0),('TB20181838',4,'10247B','','W100371863',1517210770478,1517210770478,0),('TB20181839',5,'10247B','','W100371863',1517210770478,1517210770478,0),('TB2018184',2,'10248B','','A223851606',1517210770384,1517210770384,0),('TB20181840',6,'10247B','','W100371863',1517210770478,1517210770478,0),('TB20181841',7,'10247B','','W100371863',1517210770478,1517210770478,0),('TB20181842',8,'10247B','','W100371863',1517210770478,1517210770478,0),('TB20181843',9,'10247B','','W100371863',1517210770478,1517210770478,0),('TB20181844',10,'10247B','','W100371863',1517210770478,1517210770478,0),('TB20181845',11,'10247B','','W100371863',1517210770478,1517210770478,0),('TB20181846',12,'10247B','','W100371863',1517210770478,1517210770478,0),('TB20181847',13,'10247B','','W100371863',1517210770478,1517210770478,0),('TB20181848',14,'10247B','','W100371863',1517210770478,1517210770478,0),('TB20181849',1,'10248A','','W100371863',1517210770478,1517210770478,0),('TB2018185',3,'10248B','','A223851606',1517210770384,1517210770384,0),('TB20181850',2,'10248A','','W100371863',1517210770478,1517210770478,0),('TB20181851',3,'10248A','','W100371863',1517210770478,1517210770478,0),('TB20181852',4,'10248A','','W100371863',1517210770478,1517210770478,0),('TB20181853',5,'10248A','','W100371863',1517210770478,1517210770478,0),('TB20181854',6,'10248A','','W100371863',1517210770478,1517210770478,0),('TB20181855',7,'10248A','','W100371863',1517210770478,1517210770478,0),('TB20181856',8,'10248A','','W100371863',1517210770478,1517210770478,0),('TB20181857',9,'10248A','','W100371863',1517210770478,1517210770478,0),('TB20181858',10,'10248A','','W100371863',1517210770478,1517210770478,0),('TB20181859',11,'10248A','','W100371863',1517210770478,1517210770478,0),('TB2018186',4,'10248B','','A223851606',1517210770384,1517210770384,0),('TB20181860',12,'10248A','','W100371863',1517210770478,1517210770478,0),('TB20181861',13,'10248A','','W100371863',1517210770478,1517210770478,0),('TB20181862',14,'10248A','','W100371863',1517210770478,1517210770478,0),('TB20181863',1,'10248B','','W100371863',1517210770478,1517210770478,0),('TB20181864',2,'10248B','','W100371863',1517210770478,1517210770478,0),('TB20181865',3,'10248B','','W100371863',1517210770478,1517210770478,0),('TB20181866',4,'10248B','','W100371863',1517210770478,1517210770478,0),('TB20181867',5,'10248B','','W100371863',1517210770478,1517210770478,0),('TB20181868',6,'10248B','','W100371863',1517210770478,1517210770478,0),('TB20181869',7,'10248B','','W100371863',1517210770478,1517210770478,0),('TB2018187',5,'10248B','','A223851606',1517210770385,1517210770385,0),('TB20181870',8,'10248B','','W100371863',1517210770478,1517210770478,0),('TB20181871',9,'10248B','','W100371863',1517210770478,1517210770478,0),('TB20181872',10,'10248B','','W100371863',1517210770478,1517210770478,0),('TB20181873',11,'10248B','','W100371863',1517210770478,1517210770478,0),('TB20181874',12,'10248B','','W100371863',1517210770479,1517210770479,0),('TB20181875',13,'10248B','','W100371863',1517210770479,1517210770479,0),('TB20181876',14,'10248B','','W100371863',1517210770479,1517210770479,0),('TB20181877',1,'10249A','','W100371863',1517210770479,1517210770479,0),('TB20181878',2,'10249A','','W100371863',1517210770479,1517210770479,0),('TB20181879',3,'10249A','','W100371863',1517210770479,1517210770479,0),('TB2018188',6,'10248B','','A223851606',1517210770385,1517210770385,0),('TB20181880',4,'10249A','','W100371863',1517210770479,1517210770479,0),('TB20181881',5,'10249A','','W100371863',1517210770479,1517210770479,0),('TB20181882',6,'10249A','','W100371863',1517210770479,1517210770479,0),('TB20181883',7,'10249A','','W100371863',1517210770479,1517210770479,0),('TB20181884',8,'10249A','','W100371863',1517210770479,1517210770479,0),('TB20181885',9,'10249A','','W100371863',1517210770479,1517210770479,0),('TB20181886',10,'10249A','','W100371863',1517210770479,1517210770479,0),('TB20181887',11,'10249A','','W100371863',1517210770479,1517210770479,0),('TB20181888',12,'10249A','','W100371863',1517210770479,1517210770479,0),('TB20181889',13,'10249A','','W100371863',1517210770479,1517210770479,0),('TB2018189',7,'10248B','','A223851606',1517210770385,1517210770385,0),('TB20181890',14,'10249A','','W100371863',1517210770479,1517210770479,0),('TB20181891',1,'10249B','','W100371863',1517210770479,1517210770479,0),('TB20181892',2,'10249B','','W100371863',1517210770479,1517210770479,0),('TB20181893',3,'10249B','','W100371863',1517210770479,1517210770479,0),('TB20181894',4,'10249B','','W100371863',1517210770479,1517210770479,0),('TB20181895',5,'10249B','','W100371863',1517210770479,1517210770479,0),('TB20181896',6,'10249B','','W100371863',1517210770479,1517210770479,0),('TB20181897',7,'10249B','','W100371863',1517210770479,1517210770479,0),('TB20181898',8,'10249B','','W100371863',1517210770479,1517210770479,0),('TB20181899',9,'10249B','','W100371863',1517210770479,1517210770479,0),('TB201819',5,'10242','','A223851606',1517210770378,1517210770378,0),('TB2018190',8,'10248B','','A223851606',1517210770385,1517210770385,0),('TB20181900',10,'10249B','','W100371863',1517210770479,1517210770479,0),('TB20181901',11,'10249B','','W100371863',1517210770479,1517210770479,0),('TB20181902',12,'10249B','','W100371863',1517210770479,1517210770479,0),('TB20181903',13,'10249B','','W100371863',1517210770479,1517210770479,0),('TB20181904',14,'10249B','','W100371863',1517210770479,1517210770479,0),('TB20181905',1,'10250A','','W100371863',1517210770479,1517210770479,0),('TB20181906',2,'10250A','','W100371863',1517210770479,1517210770479,0),('TB20181907',3,'10250A','','W100371863',1517210770479,1517210770479,0),('TB20181908',4,'10250A','','W100371863',1517210770479,1517210770479,0),('TB20181909',5,'10250A','','W100371863',1517210770479,1517210770479,0),('TB2018191',9,'10248B','','A223851606',1517210770385,1517210770385,0),('TB20181910',6,'10250A','','W100371863',1517210770479,1517210770479,0),('TB20181911',7,'10250A','','W100371863',1517210770479,1517210770479,0),('TB20181912',8,'10250A','','W100371863',1517210770479,1517210770479,0),('TB20181913',9,'10250A','','W100371863',1517210770479,1517210770479,0),('TB20181914',10,'10250A','','W100371863',1517210770479,1517210770479,0),('TB20181915',11,'10250A','','W100371863',1517210770479,1517210770479,0),('TB20181916',12,'10250A','','W100371863',1517210770479,1517210770479,0),('TB20181917',13,'10250A','','W100371863',1517210770479,1517210770479,0),('TB20181918',14,'10250A','','W100371863',1517210770479,1517210770479,0),('TB20181919',1,'10250B','','W100371863',1517210770479,1517210770479,0),('TB2018192',10,'10248B','','A223851606',1517210770385,1517210770385,0),('TB20181920',2,'10250B','','W100371863',1517210770479,1517210770479,0),('TB20181921',3,'10250B','','W100371863',1517210770479,1517210770479,0),('TB20181922',4,'10250B','','W100371863',1517210770479,1517210770479,0),('TB20181923',5,'10250B','','W100371863',1517210770479,1517210770479,0),('TB20181924',6,'10250B','','W100371863',1517210770479,1517210770479,0),('TB20181925',7,'10250B','','W100371863',1517210770479,1517210770479,0),('TB20181926',8,'10250B','','W100371863',1517210770479,1517210770479,0),('TB20181927',9,'10250B','','W100371863',1517210770479,1517210770479,0),('TB20181928',10,'10250B','','W100371863',1517210770479,1517210770479,0),('TB20181929',11,'10250B','','W100371863',1517210770479,1517210770479,0),('TB2018193',11,'10248B','','A223851606',1517210770385,1517210770385,0),('TB20181930',12,'10250B','','W100371863',1517210770479,1517210770479,0),('TB20181931',13,'10250B','','W100371863',1517210770479,1517210770479,0),('TB20181932',14,'10250B','','W100371863',1517210770479,1517210770479,0),('TB20181933',1,'10251A','','W100371863',1517210770479,1517210770479,0),('TB20181934',2,'10251A','','W100371863',1517210770479,1517210770479,0),('TB20181935',3,'10251A','','W100371863',1517210770479,1517210770479,0),('TB20181936',4,'10251A','','W100371863',1517210770479,1517210770479,0),('TB20181937',5,'10251A','','W100371863',1517210770479,1517210770479,0),('TB20181938',6,'10251A','','W100371863',1517210770479,1517210770479,0),('TB20181939',7,'10251A','','W100371863',1517210770479,1517210770479,0),('TB2018194',12,'10248B','','A223851606',1517210770385,1517210770385,0),('TB20181940',8,'10251A','','W100371863',1517210770479,1517210770479,0),('TB20181941',9,'10251A','','W100371863',1517210770479,1517210770479,0),('TB20181942',10,'10251A','','W100371863',1517210770479,1517210770479,0),('TB20181943',11,'10251A','','W100371863',1517210770479,1517210770479,0),('TB20181944',12,'10251A','','W100371863',1517210770479,1517210770479,0),('TB20181945',13,'10251A','','W100371863',1517210770479,1517210770479,0),('TB20181946',14,'10251A','','W100371863',1517210770479,1517210770479,0),('TB20181947',1,'10251B','','W100371863',1517210770479,1517210770479,0),('TB20181948',2,'10251B','','W100371863',1517210770480,1517210770480,0),('TB20181949',3,'10251B','','W100371863',1517210770480,1517210770480,0),('TB2018195',13,'10248B','','A223851606',1517210770385,1517210770385,0),('TB20181950',4,'10251B','','W100371863',1517210770480,1517210770480,0),('TB20181951',5,'10251B','','W100371863',1517210770480,1517210770480,0),('TB20181952',6,'10251B','','W100371863',1517210770480,1517210770480,0),('TB20181953',7,'10251B','','W100371863',1517210770480,1517210770480,0),('TB20181954',8,'10251B','','W100371863',1517210770480,1517210770480,0),('TB20181955',9,'10251B','','W100371863',1517210770480,1517210770480,0),('TB20181956',10,'10251B','','W100371863',1517210770480,1517210770480,0),('TB20181957',11,'10251B','','W100371863',1517210770480,1517210770480,0),('TB20181958',12,'10251B','','W100371863',1517210770480,1517210770480,0),('TB20181959',13,'10251B','','W100371863',1517210770480,1517210770480,0),('TB2018196',14,'10248B','','A223851606',1517210770385,1517210770385,0),('TB20181960',14,'10251B','','W100371863',1517210770480,1517210770480,0),('TB2018197',1,'10249A','','A223851606',1517210770385,1517210770385,0),('TB2018198',2,'10249A','','A223851606',1517210770385,1517210770385,0),('TB2018199',3,'10249A','','A223851606',1517210770385,1517210770385,0),('TB20182',2,'10241B','','A223851606',1517210770378,1517210770378,0),('TB201820',6,'10242','','A223851606',1517210770378,1517210770378,0),('TB2018200',4,'10249A','','A223851606',1517210770385,1517210770385,0),('TB2018201',5,'10249A','','A223851606',1517210770385,1517210770385,0),('TB2018202',6,'10249A','','A223851606',1517210770385,1517210770385,0),('TB2018203',7,'10249A','','A223851606',1517210770385,1517210770385,0),('TB2018204',8,'10249A','','A223851606',1517210770387,1517210770387,0),('TB2018205',9,'10249A','','A223851606',1517210770387,1517210770387,0),('TB2018206',10,'10249A','','A223851606',1517210770387,1517210770387,0),('TB2018207',11,'10249A','','A223851606',1517210770387,1517210770387,0),('TB2018208',12,'10249A','','A223851606',1517210770387,1517210770387,0),('TB2018209',13,'10249A','','A223851606',1517210770387,1517210770387,0),('TB201821',7,'10242','','A223851606',1517210770378,1517210770378,0),('TB2018210',14,'10249A','','A223851606',1517210770388,1517210770388,0),('TB2018211',1,'10249B','','A223851606',1517210770388,1517210770388,0),('TB2018212',2,'10249B','','A223851606',1517210770389,1517210770389,0),('TB2018213',3,'10249B','','A223851606',1517210770389,1517210770389,0),('TB2018214',4,'10249B','','A223851606',1517210770389,1517210770389,0),('TB2018215',5,'10249B','','A223851606',1517210770390,1517210770390,0),('TB2018216',6,'10249B','','A223851606',1517210770390,1517210770390,0),('TB2018217',7,'10249B','','A223851606',1517210770390,1517210770390,0),('TB2018218',8,'10249B','','A223851606',1517210770390,1517210770390,0),('TB2018219',9,'10249B','','A223851606',1517210770391,1517210770391,0),('TB201822',8,'10242','','A223851606',1517210770378,1517210770378,0),('TB2018220',10,'10249B','','A223851606',1517210770391,1517210770391,0),('TB2018221',11,'10249B','','A223851606',1517210770391,1517210770391,0),('TB2018222',12,'10249B','','A223851606',1517210770391,1517210770391,0),('TB2018223',13,'10249B','','A223851606',1517210770391,1517210770391,0),('TB2018224',14,'10249B','','A223851606',1517210770391,1517210770391,0),('TB2018225',1,'10250A','','A223851606',1517210770391,1517210770391,0),('TB2018226',2,'10250A','','A223851606',1517210770392,1517210770392,0),('TB2018227',3,'10250A','','A223851606',1517210770392,1517210770392,0),('TB2018228',4,'10250A','','A223851606',1517210770392,1517210770392,0),('TB2018229',5,'10250A','','A223851606',1517210770392,1517210770392,0),('TB201823',9,'10242','','A223851606',1517210770378,1517210770378,0),('TB2018230',6,'10250A','','A223851606',1517210770392,1517210770392,0),('TB2018231',7,'10250A','','A223851606',1517210770393,1517210770393,0),('TB2018232',8,'10250A','','A223851606',1517210770393,1517210770393,0),('TB2018233',9,'10250A','','A223851606',1517210770393,1517210770393,0),('TB2018234',10,'10250A','','A223851606',1517210770393,1517210770393,0),('TB2018235',11,'10250A','','A223851606',1517210770393,1517210770393,0),('TB2018236',12,'10250A','','A223851606',1517210770393,1517210770393,0),('TB2018237',13,'10250A','','A223851606',1517210770393,1517210770393,0),('TB2018238',14,'10250A','','A223851606',1517210770394,1517210770394,0),('TB2018239',1,'10250B','','A223851606',1517210770394,1517210770394,0),('TB201824',10,'10242','','A223851606',1517210770378,1517210770378,0),('TB2018240',2,'10250B','','A223851606',1517210770394,1517210770394,0),('TB2018241',3,'10250B','','A223851606',1517210770394,1517210770394,0),('TB2018242',4,'10250B','','A223851606',1517210770394,1517210770394,0),('TB2018243',5,'10250B','','A223851606',1517210770394,1517210770394,0),('TB2018244',6,'10250B','','A223851606',1517210770394,1517210770394,0),('TB2018245',7,'10250B','','A223851606',1517210770394,1517210770394,0),('TB2018246',8,'10250B','','A223851606',1517210770394,1517210770394,0),('TB2018247',9,'10250B','','A223851606',1517210770394,1517210770394,0),('TB2018248',10,'10250B','','A223851606',1517210770395,1517210770395,0),('TB2018249',11,'10250B','','A223851606',1517210770395,1517210770395,0),('TB201825',11,'10242','','A223851606',1517210770378,1517210770378,0),('TB2018250',12,'10250B','','A223851606',1517210770395,1517210770395,0),('TB2018251',13,'10250B','','A223851606',1517210770395,1517210770395,0),('TB2018252',14,'10250B','','A223851606',1517210770395,1517210770395,0),('TB2018253',1,'10251A','','A223851606',1517210770395,1517210770395,0),('TB2018254',2,'10251A','','A223851606',1517210770395,1517210770395,0),('TB2018255',3,'10251A','','A223851606',1517210770395,1517210770395,0),('TB2018256',4,'10251A','','A223851606',1517210770395,1517210770395,0),('TB2018257',5,'10251A','','A223851606',1517210770396,1517210770396,0),('TB2018258',6,'10251A','','A223851606',1517210770396,1517210770396,0),('TB2018259',7,'10251A','','A223851606',1517210770396,1517210770396,0),('TB201826',12,'10242','','A223851606',1517210770378,1517210770378,0),('TB2018260',8,'10251A','','A223851606',1517210770396,1517210770396,0),('TB2018261',9,'10251A','','A223851606',1517210770396,1517210770396,0),('TB2018262',10,'10251A','','A223851606',1517210770396,1517210770396,0),('TB2018263',11,'10251A','','A223851606',1517210770396,1517210770396,0),('TB2018264',12,'10251A','','A223851606',1517210770396,1517210770396,0),('TB2018265',13,'10251A','','A223851606',1517210770396,1517210770396,0),('TB2018266',14,'10251A','','A223851606',1517210770397,1517210770397,0),('TB2018267',1,'10251B','','A223851606',1517210770397,1517210770397,0),('TB2018268',2,'10251B','','A223851606',1517210770397,1517210770397,0),('TB2018269',3,'10251B','','A223851606',1517210770397,1517210770397,0),('TB201827',13,'10242','','A223851606',1517210770378,1517210770378,0),('TB2018270',4,'10251B','','A223851606',1517210770397,1517210770397,0),('TB2018271',5,'10251B','','A223851606',1517210770397,1517210770397,0),('TB2018272',6,'10251B','','A223851606',1517210770397,1517210770397,0),('TB2018273',7,'10251B','','A223851606',1517210770397,1517210770397,0),('TB2018274',8,'10251B','','A223851606',1517210770397,1517210770397,0),('TB2018275',9,'10251B','','A223851606',1517210770398,1517210770398,0),('TB2018276',10,'10251B','','A223851606',1517210770398,1517210770398,0),('TB2018277',11,'10251B','','A223851606',1517210770398,1517210770398,0),('TB2018278',12,'10251B','','A223851606',1517210770398,1517210770398,0),('TB2018279',13,'10251B','','A223851606',1517210770398,1517210770398,0),('TB201828',14,'10242','','A223851606',1517210770379,1517210770379,0),('TB2018280',14,'10251B','','A223851606',1517210770398,1517210770398,0),('TB2018281',1,'10241B','','W100124542',1517210770398,1517210770398,0),('TB2018282',2,'10241B','','W100124542',1517210770398,1517210770398,0),('TB2018283',3,'10241B','','W100124542',1517210770398,1517210770398,0),('TB2018284',4,'10241B','','W100124542',1517210770398,1517210770398,0),('TB2018285',5,'10241B','','W100124542',1517210770398,1517210770398,0),('TB2018286',6,'10241B','','W100124542',1517210770398,1517210770398,0),('TB2018287',7,'10241B','','W100124542',1517210770399,1517210770399,0),('TB2018288',8,'10241B','','W100124542',1517210770399,1517210770399,0),('TB2018289',9,'10241B','','W100124542',1517210770399,1517210770399,0),('TB201829',1,'10243A','','A223851606',1517210770379,1517210770379,0),('TB2018290',10,'10241B','','W100124542',1517210770399,1517210770399,0),('TB2018291',11,'10241B','','W100124542',1517210770399,1517210770399,0),('TB2018292',12,'10241B','','W100124542',1517210770399,1517210770399,0),('TB2018293',13,'10241B','','W100124542',1517210770399,1517210770399,0),('TB2018294',14,'10241B','','W100124542',1517210770399,1517210770399,0),('TB2018295',1,'10242','','W100124542',1517210770399,1517210770399,0),('TB2018296',2,'10242','','W100124542',1517210770399,1517210770399,0),('TB2018297',3,'10242','','W100124542',1517210770399,1517210770399,0),('TB2018298',4,'10242','','W100124542',1517210770399,1517210770399,0),('TB2018299',5,'10242','','W100124542',1517210770399,1517210770399,0),('TB20183',3,'10241B','','A223851606',1517210770378,1517210770378,0),('TB201830',2,'10243A','','A223851606',1517210770379,1517210770379,0),('TB2018300',6,'10242','','W100124542',1517210770399,1517210770399,0),('TB2018301',7,'10242','','W100124542',1517210770399,1517210770399,0),('TB2018302',8,'10242','','W100124542',1517210770399,1517210770399,0),('TB2018303',9,'10242','','W100124542',1517210770399,1517210770399,0),('TB2018304',10,'10242','','W100124542',1517210770399,1517210770399,0),('TB2018305',11,'10242','','W100124542',1517210770399,1517210770399,0),('TB2018306',12,'10242','','W100124542',1517210770399,1517210770399,0),('TB2018307',13,'10242','','W100124542',1517210770399,1517210770399,0),('TB2018308',14,'10242','','W100124542',1517210770399,1517210770399,0),('TB2018309',1,'10243A','','W100124542',1517210770399,1517210770399,0),('TB201831',3,'10243A','','A223851606',1517210770379,1517210770379,0),('TB2018310',2,'10243A','','W100124542',1517210770400,1517210770400,0),('TB2018311',3,'10243A','','W100124542',1517210770400,1517210770400,0),('TB2018312',4,'10243A','','W100124542',1517210770400,1517210770400,0),('TB2018313',5,'10243A','','W100124542',1517210770400,1517210770400,0),('TB2018314',6,'10243A','','W100124542',1517210770400,1517210770400,0),('TB2018315',7,'10243A','','W100124542',1517210770400,1517210770400,0),('TB2018316',8,'10243A','','W100124542',1517210770400,1517210770400,0),('TB2018317',9,'10243A','','W100124542',1517210770400,1517210770400,0),('TB2018318',10,'10243A','','W100124542',1517210770400,1517210770400,0),('TB2018319',11,'10243A','','W100124542',1517210770400,1517210770400,0),('TB201832',4,'10243A','','A223851606',1517210770379,1517210770379,0),('TB2018320',12,'10243A','','W100124542',1517210770400,1517210770400,0),('TB2018321',13,'10243A','','W100124542',1517210770400,1517210770400,0),('TB2018322',14,'10243A','','W100124542',1517210770403,1517210770403,0),('TB2018323',1,'10243B','','W100124542',1517210770403,1517210770403,0),('TB2018324',2,'10243B','','W100124542',1517210770403,1517210770403,0),('TB2018325',3,'10243B','','W100124542',1517210770403,1517210770403,0),('TB2018326',4,'10243B','','W100124542',1517210770403,1517210770403,0),('TB2018327',5,'10243B','','W100124542',1517210770403,1517210770403,0),('TB2018328',6,'10243B','','W100124542',1517210770403,1517210770403,0),('TB2018329',7,'10243B','','W100124542',1517210770403,1517210770403,0),('TB201833',5,'10243A','','A223851606',1517210770379,1517210770379,0),('TB2018330',8,'10243B','','W100124542',1517210770403,1517210770403,0),('TB2018331',9,'10243B','','W100124542',1517210770403,1517210770403,0),('TB2018332',10,'10243B','','W100124542',1517210770403,1517210770403,0),('TB2018333',11,'10243B','','W100124542',1517210770403,1517210770403,0),('TB2018334',12,'10243B','','W100124542',1517210770403,1517210770403,0),('TB2018335',13,'10243B','','W100124542',1517210770403,1517210770403,0),('TB2018336',14,'10243B','','W100124542',1517210770403,1517210770403,0),('TB2018337',1,'10244A','','W100124542',1517210770403,1517210770403,0),('TB2018338',2,'10244A','','W100124542',1517210770403,1517210770403,0),('TB2018339',3,'10244A','','W100124542',1517210770403,1517210770403,0),('TB201834',6,'10243A','','A223851606',1517210770379,1517210770379,0),('TB2018340',4,'10244A','','W100124542',1517210770403,1517210770403,0),('TB2018341',5,'10244A','','W100124542',1517210770403,1517210770403,0),('TB2018342',6,'10244A','','W100124542',1517210770403,1517210770403,0),('TB2018343',7,'10244A','','W100124542',1517210770403,1517210770403,0),('TB2018344',8,'10244A','','W100124542',1517210770403,1517210770403,0),('TB2018345',9,'10244A','','W100124542',1517210770403,1517210770403,0),('TB2018346',10,'10244A','','W100124542',1517210770403,1517210770403,0),('TB2018347',11,'10244A','','W100124542',1517210770403,1517210770403,0),('TB2018348',12,'10244A','','W100124542',1517210770403,1517210770403,0),('TB2018349',13,'10244A','','W100124542',1517210770403,1517210770403,0),('TB201835',7,'10243A','','A223851606',1517210770379,1517210770379,0),('TB2018350',14,'10244A','','W100124542',1517210770403,1517210770403,0),('TB2018351',1,'10244B','','W100124542',1517210770403,1517210770403,0),('TB2018352',2,'10244B','','W100124542',1517210770403,1517210770403,0),('TB2018353',3,'10244B','','W100124542',1517210770403,1517210770403,0),('TB2018354',4,'10244B','','W100124542',1517210770403,1517210770403,0),('TB2018355',5,'10244B','','W100124542',1517210770403,1517210770403,0),('TB2018356',6,'10244B','','W100124542',1517210770403,1517210770403,0),('TB2018357',7,'10244B','','W100124542',1517210770403,1517210770403,0),('TB2018358',8,'10244B','','W100124542',1517210770404,1517210770404,0),('TB2018359',9,'10244B','','W100124542',1517210770404,1517210770404,0),('TB201836',8,'10243A','','A223851606',1517210770379,1517210770379,0),('TB2018360',10,'10244B','','W100124542',1517210770404,1517210770404,0),('TB2018361',11,'10244B','','W100124542',1517210770404,1517210770404,0),('TB2018362',12,'10244B','','W100124542',1517210770404,1517210770404,0),('TB2018363',13,'10244B','','W100124542',1517210770404,1517210770404,0),('TB2018364',14,'10244B','','W100124542',1517210770404,1517210770404,0),('TB2018365',1,'10245A','','W100124542',1517210770404,1517210770404,0),('TB2018366',2,'10245A','','W100124542',1517210770404,1517210770404,0),('TB2018367',3,'10245A','','W100124542',1517210770404,1517210770404,0),('TB2018368',4,'10245A','','W100124542',1517210770404,1517210770404,0),('TB2018369',5,'10245A','','W100124542',1517210770404,1517210770404,0),('TB201837',9,'10243A','','A223851606',1517210770379,1517210770379,0),('TB2018370',6,'10245A','','W100124542',1517210770404,1517210770404,0),('TB2018371',7,'10245A','','W100124542',1517210770406,1517210770406,0),('TB2018372',8,'10245A','','W100124542',1517210770406,1517210770406,0),('TB2018373',9,'10245A','','W100124542',1517210770406,1517210770406,0),('TB2018374',10,'10245A','','W100124542',1517210770406,1517210770406,0),('TB2018375',11,'10245A','','W100124542',1517210770406,1517210770406,0),('TB2018376',12,'10245A','','W100124542',1517210770406,1517210770406,0),('TB2018377',13,'10245A','','W100124542',1517210770406,1517210770406,0),('TB2018378',14,'10245A','','W100124542',1517210770406,1517210770406,0),('TB2018379',1,'10245B','','W100124542',1517210770406,1517210770406,0),('TB201838',10,'10243A','','A223851606',1517210770379,1517210770379,0),('TB2018380',2,'10245B','','W100124542',1517210770406,1517210770406,0),('TB2018381',3,'10245B','','W100124542',1517210770406,1517210770406,0),('TB2018382',4,'10245B','','W100124542',1517210770406,1517210770406,0),('TB2018383',5,'10245B','','W100124542',1517210770407,1517210770407,0),('TB2018384',6,'10245B','','W100124542',1517210770407,1517210770407,0),('TB2018385',7,'10245B','','W100124542',1517210770407,1517210770407,0),('TB2018386',8,'10245B','','W100124542',1517210770407,1517210770407,0),('TB2018387',9,'10245B','','W100124542',1517210770407,1517210770407,0),('TB2018388',10,'10245B','','W100124542',1517210770407,1517210770407,0),('TB2018389',11,'10245B','','W100124542',1517210770407,1517210770407,0),('TB201839',11,'10243A','','A223851606',1517210770379,1517210770379,0),('TB2018390',12,'10245B','','W100124542',1517210770407,1517210770407,0),('TB2018391',13,'10245B','','W100124542',1517210770407,1517210770407,0),('TB2018392',14,'10245B','','W100124542',1517210770407,1517210770407,0),('TB2018393',1,'10246A','','W100124542',1517210770408,1517210770408,0),('TB2018394',2,'10246A','','W100124542',1517210770408,1517210770408,0),('TB2018395',3,'10246A','','W100124542',1517210770408,1517210770408,0),('TB2018396',4,'10246A','','W100124542',1517210770408,1517210770408,0),('TB2018397',5,'10246A','','W100124542',1517210770408,1517210770408,0),('TB2018398',6,'10246A','','W100124542',1517210770408,1517210770408,0),('TB2018399',7,'10246A','','W100124542',1517210770408,1517210770408,0),('TB20184',4,'10241B','','A223851606',1517210770378,1517210770378,0),('TB201840',12,'10243A','','A223851606',1517210770379,1517210770379,0),('TB2018400',8,'10246A','','W100124542',1517210770408,1517210770408,0),('TB2018401',9,'10246A','','W100124542',1517210770408,1517210770408,0),('TB2018402',10,'10246A','','W100124542',1517210770408,1517210770408,0),('TB2018403',11,'10246A','','W100124542',1517210770408,1517210770408,0),('TB2018404',12,'10246A','','W100124542',1517210770408,1517210770408,0),('TB2018405',13,'10246A','','W100124542',1517210770408,1517210770408,0),('TB2018406',14,'10246A','','W100124542',1517210770408,1517210770408,0),('TB2018407',1,'10246B','','W100124542',1517210770408,1517210770408,0),('TB2018408',2,'10246B','','W100124542',1517210770408,1517210770408,0),('TB2018409',3,'10246B','','W100124542',1517210770409,1517210770409,0),('TB201841',13,'10243A','','A223851606',1517210770379,1517210770379,0),('TB2018410',4,'10246B','','W100124542',1517210770409,1517210770409,0),('TB2018411',5,'10246B','','W100124542',1517210770409,1517210770409,0),('TB2018412',6,'10246B','','W100124542',1517210770409,1517210770409,0),('TB2018413',7,'10246B','','W100124542',1517210770409,1517210770409,0),('TB2018414',8,'10246B','','W100124542',1517210770410,1517210770410,0),('TB2018415',9,'10246B','','W100124542',1517210770410,1517210770410,0),('TB2018416',10,'10246B','','W100124542',1517210770410,1517210770410,0),('TB2018417',11,'10246B','','W100124542',1517210770410,1517210770410,0),('TB2018418',12,'10246B','','W100124542',1517210770410,1517210770410,0),('TB2018419',13,'10246B','','W100124542',1517210770411,1517210770411,0),('TB201842',14,'10243A','','A223851606',1517210770379,1517210770379,0),('TB2018420',14,'10246B','','W100124542',1517210770411,1517210770411,0),('TB2018421',1,'10247A','','W100124542',1517210770411,1517210770411,0),('TB2018422',2,'10247A','','W100124542',1517210770411,1517210770411,0),('TB2018423',3,'10247A','','W100124542',1517210770411,1517210770411,0),('TB2018424',4,'10247A','','W100124542',1517210770411,1517210770411,0),('TB2018425',5,'10247A','','W100124542',1517210770411,1517210770411,0),('TB2018426',6,'10247A','','W100124542',1517210770411,1517210770411,0),('TB2018427',7,'10247A','','W100124542',1517210770411,1517210770411,0),('TB2018428',8,'10247A','','W100124542',1517210770411,1517210770411,0),('TB2018429',9,'10247A','','W100124542',1517210770411,1517210770411,0),('TB201843',1,'10243B','','A223851606',1517210770379,1517210770379,0),('TB2018430',10,'10247A','','W100124542',1517210770411,1517210770411,0),('TB2018431',11,'10247A','','W100124542',1517210770411,1517210770411,0),('TB2018432',12,'10247A','','W100124542',1517210770411,1517210770411,0),('TB2018433',13,'10247A','','W100124542',1517210770411,1517210770411,0),('TB2018434',14,'10247A','','W100124542',1517210770411,1517210770411,0),('TB2018435',1,'10247B','','W100124542',1517210770411,1517210770411,0),('TB2018436',2,'10247B','','W100124542',1517210770411,1517210770411,0),('TB2018437',3,'10247B','','W100124542',1517210770411,1517210770411,0),('TB2018438',4,'10247B','','W100124542',1517210770411,1517210770411,0),('TB2018439',5,'10247B','','W100124542',1517210770411,1517210770411,0),('TB201844',2,'10243B','','A223851606',1517210770379,1517210770379,0),('TB2018440',6,'10247B','','W100124542',1517210770412,1517210770412,0),('TB2018441',7,'10247B','','W100124542',1517210770412,1517210770412,0),('TB2018442',8,'10247B','','W100124542',1517210770412,1517210770412,0),('TB2018443',9,'10247B','','W100124542',1517210770412,1517210770412,0),('TB2018444',10,'10247B','','W100124542',1517210770412,1517210770412,0),('TB2018445',11,'10247B','','W100124542',1517210770412,1517210770412,0),('TB2018446',12,'10247B','','W100124542',1517210770412,1517210770412,0),('TB2018447',13,'10247B','','W100124542',1517210770412,1517210770412,0),('TB2018448',14,'10247B','','W100124542',1517210770412,1517210770412,0),('TB2018449',1,'10248A','','W100124542',1517210770412,1517210770412,0),('TB201845',3,'10243B','','A223851606',1517210770379,1517210770379,0),('TB2018450',2,'10248A','','W100124542',1517210770412,1517210770412,0),('TB2018451',3,'10248A','','W100124542',1517210770412,1517210770412,0),('TB2018452',4,'10248A','','W100124542',1517210770412,1517210770412,0),('TB2018453',5,'10248A','','W100124542',1517210770412,1517210770412,0),('TB2018454',6,'10248A','','W100124542',1517210770412,1517210770412,0),('TB2018455',7,'10248A','','W100124542',1517210770412,1517210770412,0),('TB2018456',8,'10248A','','W100124542',1517210770412,1517210770412,0),('TB2018457',9,'10248A','','W100124542',1517210770412,1517210770412,0),('TB2018458',10,'10248A','','W100124542',1517210770412,1517210770412,0),('TB2018459',11,'10248A','','W100124542',1517210770412,1517210770412,0),('TB201846',4,'10243B','','A223851606',1517210770379,1517210770379,0),('TB2018460',12,'10248A','','W100124542',1517210770412,1517210770412,0),('TB2018461',13,'10248A','','W100124542',1517210770412,1517210770412,0),('TB2018462',14,'10248A','','W100124542',1517210770413,1517210770413,0),('TB2018463',1,'10248B','','W100124542',1517210770413,1517210770413,0),('TB2018464',2,'10248B','','W100124542',1517210770413,1517210770413,0),('TB2018465',3,'10248B','','W100124542',1517210770413,1517210770413,0),('TB2018466',4,'10248B','','W100124542',1517210770413,1517210770413,0),('TB2018467',5,'10248B','','W100124542',1517210770413,1517210770413,0),('TB2018468',6,'10248B','','W100124542',1517210770413,1517210770413,0),('TB2018469',7,'10248B','','W100124542',1517210770413,1517210770413,0),('TB201847',5,'10243B','','A223851606',1517210770379,1517210770379,0),('TB2018470',8,'10248B','','W100124542',1517210770413,1517210770413,0),('TB2018471',9,'10248B','','W100124542',1517210770413,1517210770413,0),('TB2018472',10,'10248B','','W100124542',1517210770413,1517210770413,0),('TB2018473',11,'10248B','','W100124542',1517210770413,1517210770413,0),('TB2018474',12,'10248B','','W100124542',1517210770413,1517210770413,0),('TB2018475',13,'10248B','','W100124542',1517210770413,1517210770413,0),('TB2018476',14,'10248B','','W100124542',1517210770413,1517210770413,0),('TB2018477',1,'10249A','','W100124542',1517210770413,1517210770413,0),('TB2018478',2,'10249A','','W100124542',1517210770413,1517210770413,0),('TB2018479',3,'10249A','','W100124542',1517210770413,1517210770413,0),('TB201848',6,'10243B','','A223851606',1517210770379,1517210770379,0),('TB2018480',4,'10249A','','W100124542',1517210770413,1517210770413,0),('TB2018481',5,'10249A','','W100124542',1517210770413,1517210770413,0),('TB2018482',6,'10249A','','W100124542',1517210770413,1517210770413,0),('TB2018483',7,'10249A','','W100124542',1517210770413,1517210770413,0),('TB2018484',8,'10249A','','W100124542',1517210770414,1517210770414,0),('TB2018485',9,'10249A','','W100124542',1517210770414,1517210770414,0),('TB2018486',10,'10249A','','W100124542',1517210770414,1517210770414,0),('TB2018487',11,'10249A','','W100124542',1517210770414,1517210770414,0),('TB2018488',12,'10249A','','W100124542',1517210770414,1517210770414,0),('TB2018489',13,'10249A','','W100124542',1517210770414,1517210770414,0),('TB201849',7,'10243B','','A223851606',1517210770379,1517210770379,0),('TB2018490',14,'10249A','','W100124542',1517210770414,1517210770414,0),('TB2018491',1,'10249B','','W100124542',1517210770414,1517210770414,0),('TB2018492',2,'10249B','','W100124542',1517210770414,1517210770414,0),('TB2018493',3,'10249B','','W100124542',1517210770414,1517210770414,0),('TB2018494',4,'10249B','','W100124542',1517210770414,1517210770414,0),('TB2018495',5,'10249B','','W100124542',1517210770414,1517210770414,0),('TB2018496',6,'10249B','','W100124542',1517210770414,1517210770414,0),('TB2018497',7,'10249B','','W100124542',1517210770414,1517210770414,0),('TB2018498',8,'10249B','','W100124542',1517210770414,1517210770414,0),('TB2018499',9,'10249B','','W100124542',1517210770414,1517210770414,0),('TB20185',5,'10241B','','A223851606',1517210770378,1517210770378,0),('TB201850',8,'10243B','','A223851606',1517210770379,1517210770379,0),('TB2018500',10,'10249B','','W100124542',1517210770414,1517210770414,0),('TB2018501',11,'10249B','','W100124542',1517210770414,1517210770414,0),('TB2018502',12,'10249B','','W100124542',1517210770414,1517210770414,0),('TB2018503',13,'10249B','','W100124542',1517210770414,1517210770414,0),('TB2018504',14,'10249B','','W100124542',1517210770415,1517210770415,0),('TB2018505',1,'10250A','','W100124542',1517210770415,1517210770415,0),('TB2018506',2,'10250A','','W100124542',1517210770415,1517210770415,0),('TB2018507',3,'10250A','','W100124542',1517210770415,1517210770415,0),('TB2018508',4,'10250A','','W100124542',1517210770415,1517210770415,0),('TB2018509',5,'10250A','','W100124542',1517210770415,1517210770415,0),('TB201851',9,'10243B','','A223851606',1517210770379,1517210770379,0),('TB2018510',6,'10250A','','W100124542',1517210770415,1517210770415,0),('TB2018511',7,'10250A','','W100124542',1517210770415,1517210770415,0),('TB2018512',8,'10250A','','W100124542',1517210770415,1517210770415,0),('TB2018513',9,'10250A','','W100124542',1517210770415,1517210770415,0),('TB2018514',10,'10250A','','W100124542',1517210770415,1517210770415,0),('TB2018515',11,'10250A','','W100124542',1517210770415,1517210770415,0),('TB2018516',12,'10250A','','W100124542',1517210770415,1517210770415,0),('TB2018517',13,'10250A','','W100124542',1517210770415,1517210770415,0),('TB2018518',14,'10250A','','W100124542',1517210770415,1517210770415,0),('TB2018519',1,'10250B','','W100124542',1517210770415,1517210770415,0),('TB201852',10,'10243B','','A223851606',1517210770379,1517210770379,0),('TB2018520',2,'10250B','','W100124542',1517210770415,1517210770415,0),('TB2018521',3,'10250B','','W100124542',1517210770415,1517210770415,0),('TB2018522',4,'10250B','','W100124542',1517210770415,1517210770415,0),('TB2018523',5,'10250B','','W100124542',1517210770415,1517210770415,0),('TB2018524',6,'10250B','','W100124542',1517210770415,1517210770415,0),('TB2018525',7,'10250B','','W100124542',1517210770415,1517210770415,0),('TB2018526',8,'10250B','','W100124542',1517210770415,1517210770415,0),('TB2018527',9,'10250B','','W100124542',1517210770416,1517210770416,0),('TB2018528',10,'10250B','','W100124542',1517210770416,1517210770416,0),('TB2018529',11,'10250B','','W100124542',1517210770416,1517210770416,0),('TB201853',11,'10243B','','A223851606',1517210770379,1517210770379,0),('TB2018530',12,'10250B','','W100124542',1517210770416,1517210770416,0),('TB2018531',13,'10250B','','W100124542',1517210770416,1517210770416,0),('TB2018532',14,'10250B','','W100124542',1517210770416,1517210770416,0),('TB2018533',1,'10251A','','W100124542',1517210770416,1517210770416,0),('TB2018534',2,'10251A','','W100124542',1517210770416,1517210770416,0),('TB2018535',3,'10251A','','W100124542',1517210770416,1517210770416,0),('TB2018536',4,'10251A','','W100124542',1517210770416,1517210770416,0),('TB2018537',5,'10251A','','W100124542',1517210770416,1517210770416,0),('TB2018538',6,'10251A','','W100124542',1517210770416,1517210770416,0),('TB2018539',7,'10251A','','W100124542',1517210770416,1517210770416,0),('TB201854',12,'10243B','','A223851606',1517210770379,1517210770379,0),('TB2018540',8,'10251A','','W100124542',1517210770416,1517210770416,0),('TB2018541',9,'10251A','','W100124542',1517210770416,1517210770416,0),('TB2018542',10,'10251A','','W100124542',1517210770416,1517210770416,0),('TB2018543',11,'10251A','','W100124542',1517210770416,1517210770416,0),('TB2018544',12,'10251A','','W100124542',1517210770416,1517210770416,0),('TB2018545',13,'10251A','','W100124542',1517210770416,1517210770416,0),('TB2018546',14,'10251A','','W100124542',1517210770416,1517210770416,0),('TB2018547',1,'10251B','','W100124542',1517210770416,1517210770416,0),('TB2018548',2,'10251B','','W100124542',1517210770416,1517210770416,0),('TB2018549',3,'10251B','','W100124542',1517210770416,1517210770416,0),('TB201855',13,'10243B','','A223851606',1517210770379,1517210770379,0),('TB2018550',4,'10251B','','W100124542',1517210770417,1517210770417,0),('TB2018551',5,'10251B','','W100124542',1517210770417,1517210770417,0),('TB2018552',6,'10251B','','W100124542',1517210770417,1517210770417,0),('TB2018553',7,'10251B','','W100124542',1517210770417,1517210770417,0),('TB2018554',8,'10251B','','W100124542',1517210770417,1517210770417,0),('TB2018555',9,'10251B','','W100124542',1517210770417,1517210770417,0),('TB2018556',10,'10251B','','W100124542',1517210770417,1517210770417,0),('TB2018557',11,'10251B','','W100124542',1517210770417,1517210770417,0),('TB2018558',12,'10251B','','W100124542',1517210770417,1517210770417,0),('TB2018559',13,'10251B','','W100124542',1517210770417,1517210770417,0),('TB201856',14,'10243B','','A223851606',1517210770379,1517210770379,0),('TB2018560',14,'10251B','','W100124542',1517210770417,1517210770417,0),('TB2018561',1,'10241B','','W100158684',1517210770417,1517210770417,0),('TB2018562',2,'10241B','','W100158684',1517210770417,1517210770417,0),('TB2018563',3,'10241B','','W100158684',1517210770417,1517210770417,0),('TB2018564',4,'10241B','','W100158684',1517210770417,1517210770417,0),('TB2018565',5,'10241B','','W100158684',1517210770417,1517210770417,0),('TB2018566',6,'10241B','','W100158684',1517210770417,1517210770417,0),('TB2018567',7,'10241B','','W100158684',1517210770417,1517210770417,0),('TB2018568',8,'10241B','','W100158684',1517210770417,1517210770417,0),('TB2018569',9,'10241B','','W100158684',1517210770417,1517210770417,0),('TB201857',1,'10244A','','A223851606',1517210770379,1517210770379,0),('TB2018570',10,'10241B','','W100158684',1517210770417,1517210770417,0),('TB2018571',11,'10241B','','W100158684',1517210770417,1517210770417,0),('TB2018572',12,'10241B','','W100158684',1517210770417,1517210770417,0),('TB2018573',13,'10241B','','W100158684',1517210770418,1517210770418,0),('TB2018574',14,'10241B','','W100158684',1517210770418,1517210770418,0),('TB2018575',1,'10242','','W100158684',1517210770418,1517210770418,0),('TB2018576',2,'10242','','W100158684',1517210770418,1517210770418,0),('TB2018577',3,'10242','','W100158684',1517210770418,1517210770418,0),('TB2018578',4,'10242','','W100158684',1517210770418,1517210770418,0),('TB2018579',5,'10242','','W100158684',1517210770418,1517210770418,0),('TB201858',2,'10244A','','A223851606',1517210770379,1517210770379,0),('TB2018580',6,'10242','','W100158684',1517210770418,1517210770418,0),('TB2018581',7,'10242','','W100158684',1517210770418,1517210770418,0),('TB2018582',8,'10242','','W100158684',1517210770418,1517210770418,0),('TB2018583',9,'10242','','W100158684',1517210770418,1517210770418,0),('TB2018584',10,'10242','','W100158684',1517210770418,1517210770418,0),('TB2018585',11,'10242','','W100158684',1517210770418,1517210770418,0),('TB2018586',12,'10242','','W100158684',1517210770418,1517210770418,0),('TB2018587',13,'10242','','W100158684',1517210770418,1517210770418,0),('TB2018588',14,'10242','','W100158684',1517210770418,1517210770418,0),('TB2018589',1,'10243A','','W100158684',1517210770418,1517210770418,0),('TB201859',3,'10244A','','A223851606',1517210770379,1517210770379,0),('TB2018590',2,'10243A','','W100158684',1517210770418,1517210770418,0),('TB2018591',3,'10243A','','W100158684',1517210770418,1517210770418,0),('TB2018592',4,'10243A','','W100158684',1517210770418,1517210770418,0),('TB2018593',5,'10243A','','W100158684',1517210770418,1517210770418,0),('TB2018594',6,'10243A','','W100158684',1517210770419,1517210770419,0),('TB2018595',7,'10243A','','W100158684',1517210770421,1517210770421,0),('TB2018596',8,'10243A','','W100158684',1517210770421,1517210770421,0),('TB2018597',9,'10243A','','W100158684',1517210770421,1517210770421,0),('TB2018598',10,'10243A','','W100158684',1517210770421,1517210770421,0),('TB2018599',11,'10243A','','W100158684',1517210770421,1517210770421,0),('TB20186',6,'10241B','','A223851606',1517210770378,1517210770378,0),('TB201860',4,'10244A','','A223851606',1517210770379,1517210770379,0),('TB2018600',12,'10243A','','W100158684',1517210770421,1517210770421,0),('TB2018601',13,'10243A','','W100158684',1517210770421,1517210770421,0),('TB2018602',14,'10243A','','W100158684',1517210770421,1517210770421,0),('TB2018603',1,'10243B','','W100158684',1517210770421,1517210770421,0),('TB2018604',2,'10243B','','W100158684',1517210770421,1517210770421,0),('TB2018605',3,'10243B','','W100158684',1517210770421,1517210770421,0),('TB2018606',4,'10243B','','W100158684',1517210770421,1517210770421,0),('TB2018607',5,'10243B','','W100158684',1517210770421,1517210770421,0),('TB2018608',6,'10243B','','W100158684',1517210770421,1517210770421,0),('TB2018609',7,'10243B','','W100158684',1517210770421,1517210770421,0),('TB201861',5,'10244A','','A223851606',1517210770379,1517210770379,0),('TB2018610',8,'10243B','','W100158684',1517210770421,1517210770421,0),('TB2018611',9,'10243B','','W100158684',1517210770421,1517210770421,0),('TB2018612',10,'10243B','','W100158684',1517210770421,1517210770421,0),('TB2018613',11,'10243B','','W100158684',1517210770421,1517210770421,0),('TB2018614',12,'10243B','','W100158684',1517210770421,1517210770421,0),('TB2018615',13,'10243B','','W100158684',1517210770421,1517210770421,0),('TB2018616',14,'10243B','','W100158684',1517210770421,1517210770421,0),('TB2018617',1,'10244A','','W100158684',1517210770421,1517210770421,0),('TB2018618',2,'10244A','','W100158684',1517210770421,1517210770421,0),('TB2018619',3,'10244A','','W100158684',1517210770422,1517210770422,0),('TB201862',6,'10244A','','A223851606',1517210770379,1517210770379,0),('TB2018620',4,'10244A','','W100158684',1517210770422,1517210770422,0),('TB2018621',5,'10244A','','W100158684',1517210770422,1517210770422,0),('TB2018622',6,'10244A','','W100158684',1517210770422,1517210770422,0),('TB2018623',7,'10244A','','W100158684',1517210770422,1517210770422,0),('TB2018624',8,'10244A','','W100158684',1517210770422,1517210770422,0),('TB2018625',9,'10244A','','W100158684',1517210770422,1517210770422,0),('TB2018626',10,'10244A','','W100158684',1517210770422,1517210770422,0),('TB2018627',11,'10244A','','W100158684',1517210770422,1517210770422,0),('TB2018628',12,'10244A','','W100158684',1517210770422,1517210770422,0),('TB2018629',13,'10244A','','W100158684',1517210770422,1517210770422,0),('TB201863',7,'10244A','','A223851606',1517210770379,1517210770379,0),('TB2018630',14,'10244A','','W100158684',1517210770422,1517210770422,0),('TB2018631',1,'10244B','','W100158684',1517210770422,1517210770422,0),('TB2018632',2,'10244B','','W100158684',1517210770422,1517210770422,0),('TB2018633',3,'10244B','','W100158684',1517210770422,1517210770422,0),('TB2018634',4,'10244B','','W100158684',1517210770422,1517210770422,0),('TB2018635',5,'10244B','','W100158684',1517210770422,1517210770422,0),('TB2018636',6,'10244B','','W100158684',1517210770422,1517210770422,0),('TB2018637',7,'10244B','','W100158684',1517210770422,1517210770422,0),('TB2018638',8,'10244B','','W100158684',1517210770422,1517210770422,0),('TB2018639',9,'10244B','','W100158684',1517210770422,1517210770422,0),('TB201864',8,'10244A','','A223851606',1517210770379,1517210770379,0),('TB2018640',10,'10244B','','W100158684',1517210770422,1517210770422,0),('TB2018641',11,'10244B','','W100158684',1517210770422,1517210770422,0),('TB2018642',12,'10244B','','W100158684',1517210770422,1517210770422,0),('TB2018643',13,'10244B','','W100158684',1517210770423,1517210770423,0),('TB2018644',14,'10244B','','W100158684',1517210770423,1517210770423,0),('TB2018645',1,'10245A','','W100158684',1517210770423,1517210770423,0),('TB2018646',2,'10245A','','W100158684',1517210770423,1517210770423,0),('TB2018647',3,'10245A','','W100158684',1517210770424,1517210770424,0),('TB2018648',4,'10245A','','W100158684',1517210770424,1517210770424,0),('TB2018649',5,'10245A','','W100158684',1517210770424,1517210770424,0),('TB201865',9,'10244A','','A223851606',1517210770379,1517210770379,0),('TB2018650',6,'10245A','','W100158684',1517210770424,1517210770424,0),('TB2018651',7,'10245A','','W100158684',1517210770424,1517210770424,0),('TB2018652',8,'10245A','','W100158684',1517210770424,1517210770424,0),('TB2018653',9,'10245A','','W100158684',1517210770424,1517210770424,0),('TB2018654',10,'10245A','','W100158684',1517210770424,1517210770424,0),('TB2018655',11,'10245A','','W100158684',1517210770424,1517210770424,0),('TB2018656',12,'10245A','','W100158684',1517210770424,1517210770424,0),('TB2018657',13,'10245A','','W100158684',1517210770424,1517210770424,0),('TB2018658',14,'10245A','','W100158684',1517210770424,1517210770424,0),('TB2018659',1,'10245B','','W100158684',1517210770424,1517210770424,0),('TB201866',10,'10244A','','A223851606',1517210770379,1517210770379,0),('TB2018660',2,'10245B','','W100158684',1517210770424,1517210770424,0),('TB2018661',3,'10245B','','W100158684',1517210770424,1517210770424,0),('TB2018662',4,'10245B','','W100158684',1517210770424,1517210770424,0),('TB2018663',5,'10245B','','W100158684',1517210770424,1517210770424,0),('TB2018664',6,'10245B','','W100158684',1517210770424,1517210770424,0),('TB2018665',7,'10245B','','W100158684',1517210770424,1517210770424,0),('TB2018666',8,'10245B','','W100158684',1517210770424,1517210770424,0),('TB2018667',9,'10245B','','W100158684',1517210770424,1517210770424,0),('TB2018668',10,'10245B','','W100158684',1517210770424,1517210770424,0),('TB2018669',11,'10245B','','W100158684',1517210770424,1517210770424,0),('TB201867',11,'10244A','','A223851606',1517210770379,1517210770379,0),('TB2018670',12,'10245B','','W100158684',1517210770424,1517210770424,0),('TB2018671',13,'10245B','','W100158684',1517210770425,1517210770425,0),('TB2018672',14,'10245B','','W100158684',1517210770425,1517210770425,0),('TB2018673',1,'10246A','','W100158684',1517210770425,1517210770425,0),('TB2018674',2,'10246A','','W100158684',1517210770425,1517210770425,0),('TB2018675',3,'10246A','','W100158684',1517210770425,1517210770425,0),('TB2018676',4,'10246A','','W100158684',1517210770425,1517210770425,0),('TB2018677',5,'10246A','','W100158684',1517210770425,1517210770425,0),('TB2018678',6,'10246A','','W100158684',1517210770425,1517210770425,0),('TB2018679',7,'10246A','','W100158684',1517210770425,1517210770425,0),('TB201868',12,'10244A','','A223851606',1517210770379,1517210770379,0),('TB2018680',8,'10246A','','W100158684',1517210770425,1517210770425,0),('TB2018681',9,'10246A','','W100158684',1517210770425,1517210770425,0),('TB2018682',10,'10246A','','W100158684',1517210770425,1517210770425,0),('TB2018683',11,'10246A','','W100158684',1517210770425,1517210770425,0),('TB2018684',12,'10246A','','W100158684',1517210770425,1517210770425,0),('TB2018685',13,'10246A','','W100158684',1517210770425,1517210770425,0),('TB2018686',14,'10246A','','W100158684',1517210770425,1517210770425,0),('TB2018687',1,'10246B','','W100158684',1517210770425,1517210770425,0),('TB2018688',2,'10246B','','W100158684',1517210770425,1517210770425,0),('TB2018689',3,'10246B','','W100158684',1517210770425,1517210770425,0),('TB201869',13,'10244A','','A223851606',1517210770379,1517210770379,0),('TB2018690',4,'10246B','','W100158684',1517210770425,1517210770425,0),('TB2018691',5,'10246B','','W100158684',1517210770425,1517210770425,0),('TB2018692',6,'10246B','','W100158684',1517210770425,1517210770425,0),('TB2018693',7,'10246B','','W100158684',1517210770425,1517210770425,0),('TB2018694',8,'10246B','','W100158684',1517210770425,1517210770425,0),('TB2018695',9,'10246B','','W100158684',1517210770426,1517210770426,0),('TB2018696',10,'10246B','','W100158684',1517210770426,1517210770426,0),('TB2018697',11,'10246B','','W100158684',1517210770426,1517210770426,0),('TB2018698',12,'10246B','','W100158684',1517210770426,1517210770426,0),('TB2018699',13,'10246B','','W100158684',1517210770426,1517210770426,0),('TB20187',7,'10241B','','A223851606',1517210770378,1517210770378,0),('TB201870',14,'10244A','','A223851606',1517210770379,1517210770379,0),('TB2018700',14,'10246B','','W100158684',1517210770426,1517210770426,0),('TB2018701',1,'10247A','','W100158684',1517210770426,1517210770426,0),('TB2018702',2,'10247A','','W100158684',1517210770426,1517210770426,0),('TB2018703',3,'10247A','','W100158684',1517210770426,1517210770426,0),('TB2018704',4,'10247A','','W100158684',1517210770426,1517210770426,0),('TB2018705',5,'10247A','','W100158684',1517210770426,1517210770426,0),('TB2018706',6,'10247A','','W100158684',1517210770426,1517210770426,0),('TB2018707',7,'10247A','','W100158684',1517210770426,1517210770426,0),('TB2018708',8,'10247A','','W100158684',1517210770426,1517210770426,0),('TB2018709',9,'10247A','','W100158684',1517210770426,1517210770426,0),('TB201871',1,'10244B','','A223851606',1517210770379,1517210770379,0),('TB2018710',10,'10247A','','W100158684',1517210770426,1517210770426,0),('TB2018711',11,'10247A','','W100158684',1517210770426,1517210770426,0),('TB2018712',12,'10247A','','W100158684',1517210770426,1517210770426,0),('TB2018713',13,'10247A','','W100158684',1517210770426,1517210770426,0),('TB2018714',14,'10247A','','W100158684',1517210770426,1517210770426,0),('TB2018715',1,'10247B','','W100158684',1517210770426,1517210770426,0),('TB2018716',2,'10247B','','W100158684',1517210770426,1517210770426,0),('TB2018717',3,'10247B','','W100158684',1517210770426,1517210770426,0),('TB2018718',4,'10247B','','W100158684',1517210770427,1517210770427,0),('TB2018719',5,'10247B','','W100158684',1517210770427,1517210770427,0),('TB201872',2,'10244B','','A223851606',1517210770379,1517210770379,0),('TB2018720',6,'10247B','','W100158684',1517210770427,1517210770427,0),('TB2018721',7,'10247B','','W100158684',1517210770427,1517210770427,0),('TB2018722',8,'10247B','','W100158684',1517210770427,1517210770427,0),('TB2018723',9,'10247B','','W100158684',1517210770427,1517210770427,0),('TB2018724',10,'10247B','','W100158684',1517210770427,1517210770427,0),('TB2018725',11,'10247B','','W100158684',1517210770427,1517210770427,0),('TB2018726',12,'10247B','','W100158684',1517210770427,1517210770427,0),('TB2018727',13,'10247B','','W100158684',1517210770427,1517210770427,0),('TB2018728',14,'10247B','','W100158684',1517210770428,1517210770428,0),('TB2018729',1,'10248A','','W100158684',1517210770428,1517210770428,0),('TB201873',3,'10244B','','A223851606',1517210770379,1517210770379,0),('TB2018730',2,'10248A','','W100158684',1517210770428,1517210770428,0),('TB2018731',3,'10248A','','W100158684',1517210770428,1517210770428,0),('TB2018732',4,'10248A','','W100158684',1517210770428,1517210770428,0),('TB2018733',5,'10248A','','W100158684',1517210770428,1517210770428,0),('TB2018734',6,'10248A','','W100158684',1517210770428,1517210770428,0),('TB2018735',7,'10248A','','W100158684',1517210770428,1517210770428,0),('TB2018736',8,'10248A','','W100158684',1517210770428,1517210770428,0),('TB2018737',9,'10248A','','W100158684',1517210770428,1517210770428,0),('TB2018738',10,'10248A','','W100158684',1517210770428,1517210770428,0),('TB2018739',11,'10248A','','W100158684',1517210770428,1517210770428,0),('TB201874',4,'10244B','','A223851606',1517210770379,1517210770379,0),('TB2018740',12,'10248A','','W100158684',1517210770428,1517210770428,0),('TB2018741',13,'10248A','','W100158684',1517210770428,1517210770428,0),('TB2018742',14,'10248A','','W100158684',1517210770428,1517210770428,0),('TB2018743',1,'10248B','','W100158684',1517210770428,1517210770428,0),('TB2018744',2,'10248B','','W100158684',1517210770428,1517210770428,0),('TB2018745',3,'10248B','','W100158684',1517210770428,1517210770428,0),('TB2018746',4,'10248B','','W100158684',1517210770428,1517210770428,0),('TB2018747',5,'10248B','','W100158684',1517210770428,1517210770428,0),('TB2018748',6,'10248B','','W100158684',1517210770428,1517210770428,0),('TB2018749',7,'10248B','','W100158684',1517210770428,1517210770428,0),('TB201875',5,'10244B','','A223851606',1517210770379,1517210770379,0),('TB2018750',8,'10248B','','W100158684',1517210770429,1517210770429,0),('TB2018751',9,'10248B','','W100158684',1517210770429,1517210770429,0),('TB2018752',10,'10248B','','W100158684',1517210770429,1517210770429,0),('TB2018753',11,'10248B','','W100158684',1517210770429,1517210770429,0),('TB2018754',12,'10248B','','W100158684',1517210770429,1517210770429,0),('TB2018755',13,'10248B','','W100158684',1517210770429,1517210770429,0),('TB2018756',14,'10248B','','W100158684',1517210770429,1517210770429,0),('TB2018757',1,'10249A','','W100158684',1517210770429,1517210770429,0),('TB2018758',2,'10249A','','W100158684',1517210770429,1517210770429,0),('TB2018759',3,'10249A','','W100158684',1517210770429,1517210770429,0),('TB201876',6,'10244B','','A223851606',1517210770379,1517210770379,0),('TB2018760',4,'10249A','','W100158684',1517210770429,1517210770429,0),('TB2018761',5,'10249A','','W100158684',1517210770429,1517210770429,0),('TB2018762',6,'10249A','','W100158684',1517210770429,1517210770429,0),('TB2018763',7,'10249A','','W100158684',1517210770429,1517210770429,0),('TB2018764',8,'10249A','','W100158684',1517210770429,1517210770429,0),('TB2018765',9,'10249A','','W100158684',1517210770429,1517210770429,0),('TB2018766',10,'10249A','','W100158684',1517210770429,1517210770429,0),('TB2018767',11,'10249A','','W100158684',1517210770429,1517210770429,0),('TB2018768',12,'10249A','','W100158684',1517210770430,1517210770430,0),('TB2018769',13,'10249A','','W100158684',1517210770430,1517210770430,0),('TB201877',7,'10244B','','A223851606',1517210770379,1517210770379,0),('TB2018770',14,'10249A','','W100158684',1517210770430,1517210770430,0),('TB2018771',1,'10249B','','W100158684',1517210770430,1517210770430,0),('TB2018772',2,'10249B','','W100158684',1517210770430,1517210770430,0),('TB2018773',3,'10249B','','W100158684',1517210770430,1517210770430,0),('TB2018774',4,'10249B','','W100158684',1517210770430,1517210770430,0),('TB2018775',5,'10249B','','W100158684',1517210770430,1517210770430,0),('TB2018776',6,'10249B','','W100158684',1517210770430,1517210770430,0),('TB2018777',7,'10249B','','W100158684',1517210770430,1517210770430,0),('TB2018778',8,'10249B','','W100158684',1517210770430,1517210770430,0),('TB2018779',9,'10249B','','W100158684',1517210770430,1517210770430,0),('TB201878',8,'10244B','','A223851606',1517210770379,1517210770379,0),('TB2018780',10,'10249B','','W100158684',1517210770430,1517210770430,0),('TB2018781',11,'10249B','','W100158684',1517210770430,1517210770430,0),('TB2018782',12,'10249B','','W100158684',1517210770430,1517210770430,0),('TB2018783',13,'10249B','','W100158684',1517210770430,1517210770430,0),('TB2018784',14,'10249B','','W100158684',1517210770430,1517210770430,0),('TB2018785',1,'10250A','','W100158684',1517210770430,1517210770430,0),('TB2018786',2,'10250A','','W100158684',1517210770430,1517210770430,0),('TB2018787',3,'10250A','','W100158684',1517210770430,1517210770430,0),('TB2018788',4,'10250A','','W100158684',1517210770430,1517210770430,0),('TB2018789',5,'10250A','','W100158684',1517210770430,1517210770430,0),('TB201879',9,'10244B','','A223851606',1517210770379,1517210770379,0),('TB2018790',6,'10250A','','W100158684',1517210770430,1517210770430,0),('TB2018791',7,'10250A','','W100158684',1517210770430,1517210770430,0),('TB2018792',8,'10250A','','W100158684',1517210770430,1517210770430,0),('TB2018793',9,'10250A','','W100158684',1517210770430,1517210770430,0),('TB2018794',10,'10250A','','W100158684',1517210770430,1517210770430,0),('TB2018795',11,'10250A','','W100158684',1517210770430,1517210770430,0),('TB2018796',12,'10250A','','W100158684',1517210770430,1517210770430,0),('TB2018797',13,'10250A','','W100158684',1517210770431,1517210770431,0),('TB2018798',14,'10250A','','W100158684',1517210770431,1517210770431,0),('TB2018799',1,'10250B','','W100158684',1517210770431,1517210770431,0),('TB20188',8,'10241B','','A223851606',1517210770378,1517210770378,0),('TB201880',10,'10244B','','A223851606',1517210770379,1517210770379,0),('TB2018800',2,'10250B','','W100158684',1517210770431,1517210770431,0),('TB2018801',3,'10250B','','W100158684',1517210770431,1517210770431,0),('TB2018802',4,'10250B','','W100158684',1517210770431,1517210770431,0),('TB2018803',5,'10250B','','W100158684',1517210770431,1517210770431,0),('TB2018804',6,'10250B','','W100158684',1517210770431,1517210770431,0),('TB2018805',7,'10250B','','W100158684',1517210770431,1517210770431,0),('TB2018806',8,'10250B','','W100158684',1517210770431,1517210770431,0),('TB2018807',9,'10250B','','W100158684',1517210770432,1517210770432,0),('TB2018808',10,'10250B','','W100158684',1517210770432,1517210770432,0),('TB2018809',11,'10250B','','W100158684',1517210770432,1517210770432,0),('TB201881',11,'10244B','','A223851606',1517210770379,1517210770379,0),('TB2018810',12,'10250B','','W100158684',1517210770432,1517210770432,0),('TB2018811',13,'10250B','','W100158684',1517210770432,1517210770432,0),('TB2018812',14,'10250B','','W100158684',1517210770432,1517210770432,0),('TB2018813',1,'10251A','','W100158684',1517210770432,1517210770432,0),('TB2018814',2,'10251A','','W100158684',1517210770432,1517210770432,0),('TB2018815',3,'10251A','','W100158684',1517210770432,1517210770432,0),('TB2018816',4,'10251A','','W100158684',1517210770432,1517210770432,0),('TB2018817',5,'10251A','','W100158684',1517210770433,1517210770433,0),('TB2018818',6,'10251A','','W100158684',1517210770433,1517210770433,0),('TB2018819',7,'10251A','','W100158684',1517210770433,1517210770433,0),('TB201882',12,'10244B','','A223851606',1517210770379,1517210770379,0),('TB2018820',8,'10251A','','W100158684',1517210770433,1517210770433,0),('TB2018821',9,'10251A','','W100158684',1517210770433,1517210770433,0),('TB2018822',10,'10251A','','W100158684',1517210770433,1517210770433,0),('TB2018823',11,'10251A','','W100158684',1517210770433,1517210770433,0),('TB2018824',12,'10251A','','W100158684',1517210770433,1517210770433,0),('TB2018825',13,'10251A','','W100158684',1517210770433,1517210770433,0),('TB2018826',14,'10251A','','W100158684',1517210770433,1517210770433,0),('TB2018827',1,'10251B','','W100158684',1517210770433,1517210770433,0),('TB2018828',2,'10251B','','W100158684',1517210770433,1517210770433,0),('TB2018829',3,'10251B','','W100158684',1517210770433,1517210770433,0),('TB201883',13,'10244B','','A223851606',1517210770379,1517210770379,0),('TB2018830',4,'10251B','','W100158684',1517210770433,1517210770433,0),('TB2018831',5,'10251B','','W100158684',1517210770433,1517210770433,0),('TB2018832',6,'10251B','','W100158684',1517210770433,1517210770433,0),('TB2018833',7,'10251B','','W100158684',1517210770434,1517210770434,0),('TB2018834',8,'10251B','','W100158684',1517210770434,1517210770434,0),('TB2018835',9,'10251B','','W100158684',1517210770434,1517210770434,0),('TB2018836',10,'10251B','','W100158684',1517210770434,1517210770434,0),('TB2018837',11,'10251B','','W100158684',1517210770434,1517210770434,0),('TB2018838',12,'10251B','','W100158684',1517210770434,1517210770434,0),('TB2018839',13,'10251B','','W100158684',1517210770434,1517210770434,0),('TB201884',14,'10244B','','A223851606',1517210770379,1517210770379,0),('TB2018840',14,'10251B','','W100158684',1517210770434,1517210770434,0),('TB2018841',1,'10241B','','W100229257',1517210770434,1517210770434,0),('TB2018842',2,'10241B','','W100229257',1517210770434,1517210770434,0),('TB2018843',3,'10241B','','W100229257',1517210770435,1517210770435,0),('TB2018844',4,'10241B','','W100229257',1517210770435,1517210770435,0),('TB2018845',5,'10241B','','W100229257',1517210770435,1517210770435,0),('TB2018846',6,'10241B','','W100229257',1517210770435,1517210770435,0),('TB2018847',7,'10241B','','W100229257',1517210770435,1517210770435,0),('TB2018848',8,'10241B','','W100229257',1517210770435,1517210770435,0),('TB2018849',9,'10241B','','W100229257',1517210770435,1517210770435,0),('TB201885',1,'10245A','','A223851606',1517210770380,1517210770380,0),('TB2018850',10,'10241B','','W100229257',1517210770435,1517210770435,0),('TB2018851',11,'10241B','','W100229257',1517210770435,1517210770435,0),('TB2018852',12,'10241B','','W100229257',1517210770435,1517210770435,0),('TB2018853',13,'10241B','','W100229257',1517210770435,1517210770435,0),('TB2018854',14,'10241B','','W100229257',1517210770435,1517210770435,0),('TB2018855',1,'10242','','W100229257',1517210770435,1517210770435,0),('TB2018856',2,'10242','','W100229257',1517210770435,1517210770435,0),('TB2018857',3,'10242','','W100229257',1517210770435,1517210770435,0),('TB2018858',4,'10242','','W100229257',1517210770435,1517210770435,0),('TB2018859',5,'10242','','W100229257',1517210770435,1517210770435,0),('TB201886',2,'10245A','','A223851606',1517210770380,1517210770380,0),('TB2018860',6,'10242','','W100229257',1517210770435,1517210770435,0),('TB2018861',7,'10242','','W100229257',1517210770435,1517210770435,0),('TB2018862',8,'10242','','W100229257',1517210770435,1517210770435,0),('TB2018863',9,'10242','','W100229257',1517210770435,1517210770435,0),('TB2018864',10,'10242','','W100229257',1517210770435,1517210770435,0),('TB2018865',11,'10242','','W100229257',1517210770435,1517210770435,0),('TB2018866',12,'10242','','W100229257',1517210770435,1517210770435,0),('TB2018867',13,'10242','','W100229257',1517210770436,1517210770436,0),('TB2018868',14,'10242','','W100229257',1517210770436,1517210770436,0),('TB2018869',1,'10243A','','W100229257',1517210770436,1517210770436,0),('TB201887',3,'10245A','','A223851606',1517210770380,1517210770380,0),('TB2018870',2,'10243A','','W100229257',1517210770436,1517210770436,0),('TB2018871',3,'10243A','','W100229257',1517210770436,1517210770436,0),('TB2018872',4,'10243A','','W100229257',1517210770436,1517210770436,0),('TB2018873',5,'10243A','','W100229257',1517210770436,1517210770436,0),('TB2018874',6,'10243A','','W100229257',1517210770436,1517210770436,0),('TB2018875',7,'10243A','','W100229257',1517210770436,1517210770436,0),('TB2018876',8,'10243A','','W100229257',1517210770436,1517210770436,0),('TB2018877',9,'10243A','','W100229257',1517210770436,1517210770436,0),('TB2018878',10,'10243A','','W100229257',1517210770436,1517210770436,0),('TB2018879',11,'10243A','','W100229257',1517210770436,1517210770436,0),('TB201888',4,'10245A','','A223851606',1517210770380,1517210770380,0),('TB2018880',12,'10243A','','W100229257',1517210770437,1517210770437,0),('TB2018881',13,'10243A','','W100229257',1517210770437,1517210770437,0),('TB2018882',14,'10243A','','W100229257',1517210770437,1517210770437,0),('TB2018883',1,'10243B','','W100229257',1517210770437,1517210770437,0),('TB2018884',2,'10243B','','W100229257',1517210770437,1517210770437,0),('TB2018885',3,'10243B','','W100229257',1517210770437,1517210770437,0),('TB2018886',4,'10243B','','W100229257',1517210770437,1517210770437,0),('TB2018887',5,'10243B','','W100229257',1517210770437,1517210770437,0),('TB2018888',6,'10243B','','W100229257',1517210770437,1517210770437,0),('TB2018889',7,'10243B','','W100229257',1517210770437,1517210770437,0),('TB201889',5,'10245A','','A223851606',1517210770380,1517210770380,0),('TB2018890',8,'10243B','','W100229257',1517210770437,1517210770437,0),('TB2018891',9,'10243B','','W100229257',1517210770437,1517210770437,0),('TB2018892',10,'10243B','','W100229257',1517210770437,1517210770437,0),('TB2018893',11,'10243B','','W100229257',1517210770437,1517210770437,0),('TB2018894',12,'10243B','','W100229257',1517210770437,1517210770437,0),('TB2018895',13,'10243B','','W100229257',1517210770437,1517210770437,0),('TB2018896',14,'10243B','','W100229257',1517210770437,1517210770437,0),('TB2018897',1,'10244A','','W100229257',1517210770437,1517210770437,0),('TB2018898',2,'10244A','','W100229257',1517210770437,1517210770437,0),('TB2018899',3,'10244A','','W100229257',1517210770437,1517210770437,0),('TB20189',9,'10241B','','A223851606',1517210770378,1517210770378,0),('TB201890',6,'10245A','','A223851606',1517210770380,1517210770380,0),('TB2018900',4,'10244A','','W100229257',1517210770437,1517210770437,0),('TB2018901',5,'10244A','','W100229257',1517210770437,1517210770437,0),('TB2018902',6,'10244A','','W100229257',1517210770437,1517210770437,0),('TB2018903',7,'10244A','','W100229257',1517210770437,1517210770437,0),('TB2018904',8,'10244A','','W100229257',1517210770437,1517210770437,0),('TB2018905',9,'10244A','','W100229257',1517210770437,1517210770437,0),('TB2018906',10,'10244A','','W100229257',1517210770437,1517210770437,0),('TB2018907',11,'10244A','','W100229257',1517210770437,1517210770437,0),('TB2018908',12,'10244A','','W100229257',1517210770437,1517210770437,0),('TB2018909',13,'10244A','','W100229257',1517210770437,1517210770437,0),('TB201891',7,'10245A','','A223851606',1517210770380,1517210770380,0),('TB2018910',14,'10244A','','W100229257',1517210770438,1517210770438,0),('TB2018911',1,'10244B','','W100229257',1517210770438,1517210770438,0),('TB2018912',2,'10244B','','W100229257',1517210770438,1517210770438,0),('TB2018913',3,'10244B','','W100229257',1517210770438,1517210770438,0),('TB2018914',4,'10244B','','W100229257',1517210770438,1517210770438,0),('TB2018915',5,'10244B','','W100229257',1517210770438,1517210770438,0),('TB2018916',6,'10244B','','W100229257',1517210770438,1517210770438,0),('TB2018917',7,'10244B','','W100229257',1517210770438,1517210770438,0),('TB2018918',8,'10244B','','W100229257',1517210770438,1517210770438,0),('TB2018919',9,'10244B','','W100229257',1517210770438,1517210770438,0),('TB201892',8,'10245A','','A223851606',1517210770380,1517210770380,0),('TB2018920',10,'10244B','','W100229257',1517210770438,1517210770438,0),('TB2018921',11,'10244B','','W100229257',1517210770438,1517210770438,0),('TB2018922',12,'10244B','','W100229257',1517210770438,1517210770438,0),('TB2018923',13,'10244B','','W100229257',1517210770438,1517210770438,0),('TB2018924',14,'10244B','','W100229257',1517210770438,1517210770438,0),('TB2018925',1,'10245A','','W100229257',1517210770438,1517210770438,0),('TB2018926',2,'10245A','','W100229257',1517210770438,1517210770438,0),('TB2018927',3,'10245A','','W100229257',1517210770438,1517210770438,0),('TB2018928',4,'10245A','','W100229257',1517210770438,1517210770438,0),('TB2018929',5,'10245A','','W100229257',1517210770438,1517210770438,0),('TB201893',9,'10245A','','A223851606',1517210770380,1517210770380,0),('TB2018930',6,'10245A','','W100229257',1517210770438,1517210770438,0),('TB2018931',7,'10245A','','W100229257',1517210770438,1517210770438,0),('TB2018932',8,'10245A','','W100229257',1517210770438,1517210770438,0),('TB2018933',9,'10245A','','W100229257',1517210770438,1517210770438,0),('TB2018934',10,'10245A','','W100229257',1517210770438,1517210770438,0),('TB2018935',11,'10245A','','W100229257',1517210770438,1517210770438,0),('TB2018936',12,'10245A','','W100229257',1517210770438,1517210770438,0),('TB2018937',13,'10245A','','W100229257',1517210770438,1517210770438,0),('TB2018938',14,'10245A','','W100229257',1517210770438,1517210770438,0),('TB2018939',1,'10245B','','W100229257',1517210770438,1517210770438,0),('TB201894',10,'10245A','','A223851606',1517210770380,1517210770380,0),('TB2018940',2,'10245B','','W100229257',1517210770438,1517210770438,0),('TB2018941',3,'10245B','','W100229257',1517210770438,1517210770438,0),('TB2018942',4,'10245B','','W100229257',1517210770438,1517210770438,0),('TB2018943',5,'10245B','','W100229257',1517210770438,1517210770438,0),('TB2018944',6,'10245B','','W100229257',1517210770438,1517210770438,0),('TB2018945',7,'10245B','','W100229257',1517210770438,1517210770438,0),('TB2018946',8,'10245B','','W100229257',1517210770438,1517210770438,0),('TB2018947',9,'10245B','','W100229257',1517210770438,1517210770438,0),('TB2018948',10,'10245B','','W100229257',1517210770438,1517210770438,0),('TB2018949',11,'10245B','','W100229257',1517210770438,1517210770438,0),('TB201895',11,'10245A','','A223851606',1517210770380,1517210770380,0),('TB2018950',12,'10245B','','W100229257',1517210770439,1517210770439,0),('TB2018951',13,'10245B','','W100229257',1517210770439,1517210770439,0),('TB2018952',14,'10245B','','W100229257',1517210770439,1517210770439,0),('TB2018953',1,'10246A','','W100229257',1517210770439,1517210770439,0),('TB2018954',2,'10246A','','W100229257',1517210770439,1517210770439,0),('TB2018955',3,'10246A','','W100229257',1517210770439,1517210770439,0),('TB2018956',4,'10246A','','W100229257',1517210770439,1517210770439,0),('TB2018957',5,'10246A','','W100229257',1517210770439,1517210770439,0),('TB2018958',6,'10246A','','W100229257',1517210770439,1517210770439,0),('TB2018959',7,'10246A','','W100229257',1517210770439,1517210770439,0),('TB201896',12,'10245A','','A223851606',1517210770380,1517210770380,0),('TB2018960',8,'10246A','','W100229257',1517210770439,1517210770439,0),('TB2018961',9,'10246A','','W100229257',1517210770439,1517210770439,0),('TB2018962',10,'10246A','','W100229257',1517210770439,1517210770439,0),('TB2018963',11,'10246A','','W100229257',1517210770439,1517210770439,0),('TB2018964',12,'10246A','','W100229257',1517210770439,1517210770439,0),('TB2018965',13,'10246A','','W100229257',1517210770439,1517210770439,0),('TB2018966',14,'10246A','','W100229257',1517210770439,1517210770439,0),('TB2018967',1,'10246B','','W100229257',1517210770439,1517210770439,0),('TB2018968',2,'10246B','','W100229257',1517210770439,1517210770439,0),('TB2018969',3,'10246B','','W100229257',1517210770439,1517210770439,0),('TB201897',13,'10245A','','A223851606',1517210770380,1517210770380,0),('TB2018970',4,'10246B','','W100229257',1517210770439,1517210770439,0),('TB2018971',5,'10246B','','W100229257',1517210770439,1517210770439,0),('TB2018972',6,'10246B','','W100229257',1517210770439,1517210770439,0),('TB2018973',7,'10246B','','W100229257',1517210770439,1517210770439,0),('TB2018974',8,'10246B','','W100229257',1517210770439,1517210770439,0),('TB2018975',9,'10246B','','W100229257',1517210770439,1517210770439,0),('TB2018976',10,'10246B','','W100229257',1517210770439,1517210770439,0),('TB2018977',11,'10246B','','W100229257',1517210770439,1517210770439,0),('TB2018978',12,'10246B','','W100229257',1517210770439,1517210770439,0),('TB2018979',13,'10246B','','W100229257',1517210770439,1517210770439,0),('TB201898',14,'10245A','','A223851606',1517210770380,1517210770380,0),('TB2018980',14,'10246B','','W100229257',1517210770439,1517210770439,0),('TB2018981',1,'10247A','','W100229257',1517210770439,1517210770439,0),('TB2018982',2,'10247A','','W100229257',1517210770439,1517210770439,0),('TB2018983',3,'10247A','','W100229257',1517210770439,1517210770439,0),('TB2018984',4,'10247A','','W100229257',1517210770439,1517210770439,0),('TB2018985',5,'10247A','','W100229257',1517210770439,1517210770439,0),('TB2018986',6,'10247A','','W100229257',1517210770439,1517210770439,0),('TB2018987',7,'10247A','','W100229257',1517210770439,1517210770439,0),('TB2018988',8,'10247A','','W100229257',1517210770439,1517210770439,0),('TB2018989',9,'10247A','','W100229257',1517210770440,1517210770440,0),('TB201899',1,'10245B','','A223851606',1517210770380,1517210770380,0),('TB2018990',10,'10247A','','W100229257',1517210770440,1517210770440,0),('TB2018991',11,'10247A','','W100229257',1517210770440,1517210770440,0),('TB2018992',12,'10247A','','W100229257',1517210770440,1517210770440,0),('TB2018993',13,'10247A','','W100229257',1517210770440,1517210770440,0),('TB2018994',14,'10247A','','W100229257',1517210770440,1517210770440,0),('TB2018995',1,'10247B','','W100229257',1517210770440,1517210770440,0),('TB2018996',2,'10247B','','W100229257',1517210770440,1517210770440,0),('TB2018997',3,'10247B','','W100229257',1517210770440,1517210770440,0),('TB2018998',4,'10247B','','W100229257',1517210770440,1517210770440,0),('TB2018999',5,'10247B','','W100229257',1517210770440,1517210770440,0);
/*!40000 ALTER TABLE `trainBook` ENABLE KEYS */;
UNLOCK TABLES;

--
-- Table structure for table `trainTime`
--

DROP TABLE IF EXISTS `trainTime`;
/*!40101 SET @saved_cs_client     = @@character_set_client */;
/*!40101 SET character_set_client = utf8 */;
CREATE TABLE `trainTime` (
  `id` bigint(20) NOT NULL,
  `time` varchar(50) DEFAULT NULL,
  PRIMARY KEY (`id`)
) ENGINE=InnoDB DEFAULT CHARSET=utf8;
/*!40101 SET character_set_client = @saved_cs_client */;

--
-- Dumping data for table `trainTime`
--

LOCK TABLES `trainTime` WRITE;
/*!40000 ALTER TABLE `trainTime` DISABLE KEYS */;
INSERT INTO `trainTime` VALUES (1,'07:00~07:50'),(2,'07:50~08:40'),(3,'08:40~09:30'),(4,'09:30~10:20'),(5,'10:20~11:10'),(6,'11:10~12:00'),(7,'12:00~12:50'),(8,'12:50~13:40'),(9,'13:40~14:30'),(10,'14:30~15:20'),(11,'15:20~16:10'),(12,'16:10~17:00'),(13,'17:00~17:50'),(14,'17:50~18:40');
/*!40000 ALTER TABLE `trainTime` ENABLE KEYS */;
UNLOCK TABLES;

--
-- Table structure for table `users`
--

DROP TABLE IF EXISTS `users`;
/*!40101 SET @saved_cs_client     = @@character_set_client */;
/*!40101 SET character_set_client = utf8 */;
CREATE TABLE `users` (
  `id` varchar(50) NOT NULL,
  `name` varchar(100) NOT NULL,
  `passwd` varchar(100) NOT NULL,
  `gender` bigint(16) DEFAULT NULL,
  `born` bigint(20) DEFAULT NULL,
  `addr` varchar(255) DEFAULT NULL,
  `tel` bigint(20) DEFAULT NULL,
  `mobile` bigint(20) DEFAULT NULL,
  `source` varchar(16) DEFAULT NULL,
  `carType` bigint(20) DEFAULT NULL,
  `trainScore` bigint(20) DEFAULT NULL,
  `examScore` bigint(20) DEFAULT NULL,
  `roadScore` bigint(20) DEFAULT NULL,
  `memo` varchar(255) DEFAULT NULL,
  `trainId` bigint(20) DEFAULT NULL,
  `createdAt` bigint(20) NOT NULL,
  `updatedAt` bigint(20) NOT NULL,
  `version` bigint(20) NOT NULL,
  `stuNum` varchar(16) DEFAULT NULL,
  `trainTimeId` varchar(16) DEFAULT NULL,
  `teacher` varchar(16) DEFAULT NULL,
  `classType` varchar(16) DEFAULT NULL,
  `addrNum` varchar(16) DEFAULT NULL,
  `payment` bigint(20) DEFAULT NULL,
  `payDate` bigint(20) DEFAULT NULL,
  `seasonType` varchar(16) DEFAULT NULL,
  PRIMARY KEY (`id`)
) ENGINE=InnoDB DEFAULT CHARSET=utf8;
/*!40101 SET character_set_client = @saved_cs_client */;

--
-- Dumping data for table `users`
--


/*!40103 SET TIME_ZONE=@OLD_TIME_ZONE */;

/*!40101 SET SQL_MODE=@OLD_SQL_MODE */;
/*!40014 SET FOREIGN_KEY_CHECKS=@OLD_FOREIGN_KEY_CHECKS */;
/*!40014 SET UNIQUE_CHECKS=@OLD_UNIQUE_CHECKS */;
/*!40101 SET CHARACTER_SET_CLIENT=@OLD_CHARACTER_SET_CLIENT */;
/*!40101 SET CHARACTER_SET_RESULTS=@OLD_CHARACTER_SET_RESULTS */;
/*!40101 SET COLLATION_CONNECTION=@OLD_COLLATION_CONNECTION */;
/*!40111 SET SQL_NOTES=@OLD_SQL_NOTES */;

-- Dump completed on 2018-01-29 17:37:29
